time,attraction_index,attraction_name,wait_time,css_class,raw_value,date,scraped_at
08:15,1,ソアリン,0,B8,-,2026-07-30,2026-07-30 23:06:23
08:15,2,船メディテレーニアンハーバー発,0,B8,-,2026-07-30,2026-07-30 23:06:23
08:15,3,フォートレスエクスプロレーション,0,B8,-,2026-07-30,2026-07-30 23:06:23
08:15,4,ゴンドラ,0,B8,-,2026-07-30,2026-07-30 23:06:23
08:15,5,タワーオブテラー,0,B8,-,2026-07-30,2026-07-30 23:06:23
08:15,6,トイストーリーマニア,0,B8,-,2026-07-30,2026-07-30 23:06:23
08:15,7,タートル・トーク,0,B8,-,2026-07-30,2026-07-30 23:06:23
08:15,8,エレクトリックレールウェイアメリカンウォーターフロント発,0,B8,-,2026-07-30,2026-07-30 23:06:23
08:15,9,船アメリカンウォーターフロント発,0,B8,-,2026-07-30,2026-07-30 23:06:23
08:15,10,ヴィークル,0,B8,-,2026-07-30,2026-07-30 23:06:23
08:15,11,センターオブジアース,0,B8,-,2026-07-30,2026-07-30 23:06:23
08:15,12,海底二万マイル,0,B8,-,2026-07-30,2026-07-30 23:06:23
08:15,13,ニモandフレンズシーライダー,0,B8,-,2026-07-30,2026-07-30 23:06:23
08:15,14,アクアトピア,0,B8,-,2026-07-30,2026-07-30 23:06:23
08:15,15,鉄道ポートディスカバリー発,0,B8,-,2026-07-30,2026-07-30 23:06:23
08:15,16,インディージョーンズクリスタルスカルの謎,0,B8,-,2026-07-30,2026-07-30 23:06:23
08:15,17,レイジングスピリッツ,0,B8,-,2026-07-30,2026-07-30 23:06:23
08:15,18,船ロストリバーデルタ発,0,B8,-,2026-07-30,2026-07-30 23:06:23
08:15,19,マーメイドラグーン,0,B8,-,2026-07-30,2026-07-30 23:06:23
08:15,20,ジャンピン,0,B8,-,2026-07-30,2026-07-30 23:06:23
08:15,21,スカットルのスクーター,0,B8,-,2026-07-30,2026-07-30 23:06:23
08:15,22,フランダー,0,B8,-,2026-07-30,2026-07-30 23:06:23
08:15,23,バルーンレース,0,B8,-,2026-07-30,2026-07-30 23:06:23
08:15,24,ワールプール,0,B8,-,2026-07-30,2026-07-30 23:06:23
08:15,25,アナとエルサ,0,B8,-,2026-07-30,2026-07-30 23:06:23
08:15,26,ラプンツェル,0,B8,-,2026-07-30,2026-07-30 23:06:23
08:15,27,ピーターパン,0,B8,-,2026-07-30,2026-07-30 23:06:23
08:15,28,ティンカーベル,0,B8,-,2026-07-30,2026-07-30 23:06:23
08:15,29,マジックランプシアター,0,B8,-,2026-07-30,2026-07-30 23:06:23
08:15,30,カルーセル,0,B8,-,2026-07-30,2026-07-30 23:06:23
08:15,31,シンドバッド,0,B8,-,2026-07-30,2026-07-30 23:06:23
08:15,32,ジャスミン,0,B8,-,2026-07-30,2026-07-30 23:06:23
08:15,33,プラザグリーティング,0,B8,-,2026-07-30,2026-07-30 23:06:23
08:15,34,ヴィレッジグリーティング,0,B8,-,2026-07-30,2026-07-30 23:06:23
08:15,35,サルードス・アミーゴス,0,B8,-,2026-07-30,2026-07-30 23:06:23
08:15,36,ドナルドグリーティング,0,B8,-,2026-07-30,2026-07-30 23:06:23
08:15,37,ミッキーグリーティング,0,B8,-,2026-07-30,2026-07-30 23:06:23
08:15,38,ミニーグリーティング,0,B8,-,2026-07-30,2026-07-30 23:06:23
08:15,39,マーメイドラグーングリーティング,0,B8,-,2026-07-30,2026-07-30 23:06:23
08:15,40,アラビアンコーストグリーティング,0,B8,-,2026-07-30,2026-07-30 23:06:23
08:45,1,ソアリン,0,B8,-,2026-07-30,2026-07-30 23:06:23
08:45,2,船メディテレーニアンハーバー発,0,B8,-,2026-07-30,2026-07-30 23:06:23
08:45,3,フォートレスエクスプロレーション,0,B8,-,2026-07-30,2026-07-30 23:06:23
08:45,4,ゴンドラ,0,B8,-,2026-07-30,2026-07-30 23:06:23
08:45,5,タワーオブテラー,0,B8,-,2026-07-30,2026-07-30 23:06:23
08:45,6,トイストーリーマニア,0,B8,-,2026-07-30,2026-07-30 23:06:23
08:45,7,タートル・トーク,0,B8,-,2026-07-30,2026-07-30 23:06:23
08:45,8,エレクトリックレールウェイアメリカンウォーターフロント発,0,B8,-,2026-07-30,2026-07-30 23:06:23
08:45,9,船アメリカンウォーターフロント発,0,B8,-,2026-07-30,2026-07-30 23:06:23
08:45,10,ヴィークル,0,B8,-,2026-07-30,2026-07-30 23:06:23
08:45,11,センターオブジアース,0,B8,-,2026-07-30,2026-07-30 23:06:23
08:45,12,海底二万マイル,0,B8,-,2026-07-30,2026-07-30 23:06:23
08:45,13,ニモandフレンズシーライダー,0,B8,-,2026-07-30,2026-07-30 23:06:23
08:45,14,アクアトピア,0,B8,-,2026-07-30,2026-07-30 23:06:23
08:45,15,鉄道ポートディスカバリー発,0,B8,-,2026-07-30,2026-07-30 23:06:23
08:45,16,インディージョーンズクリスタルスカルの謎,0,B8,-,2026-07-30,2026-07-30 23:06:23
08:45,17,レイジングスピリッツ,0,B8,-,2026-07-30,2026-07-30 23:06:23
08:45,18,船ロストリバーデルタ発,0,B8,-,2026-07-30,2026-07-30 23:06:23
08:45,19,マーメイドラグーン,0,B8,-,2026-07-30,2026-07-30 23:06:23
08:45,20,ジャンピン,0,B8,-,2026-07-30,2026-07-30 23:06:23
08:45,21,スカットルのスクーター,0,B8,-,2026-07-30,2026-07-30 23:06:23
08:45,22,フランダー,0,B8,-,2026-07-30,2026-07-30 23:06:23
08:45,23,バルーンレース,0,B8,-,2026-07-30,2026-07-30 23:06:23
08:45,24,ワールプール,0,B8,-,2026-07-30,2026-07-30 23:06:23
08:45,25,アナとエルサ,0,B8,-,2026-07-30,2026-07-30 23:06:23
08:45,26,ラプンツェル,0,B8,-,2026-07-30,2026-07-30 23:06:23
08:45,27,ピーターパン,0,B8,-,2026-07-30,2026-07-30 23:06:23
08:45,28,ティンカーベル,0,B8,-,2026-07-30,2026-07-30 23:06:23
08:45,29,マジックランプシアター,0,B8,-,2026-07-30,2026-07-30 23:06:23
08:45,30,カルーセル,0,B8,-,2026-07-30,2026-07-30 23:06:23
08:45,31,シンドバッド,0,B8,-,2026-07-30,2026-07-30 23:06:23
08:45,32,ジャスミン,0,B8,-,2026-07-30,2026-07-30 23:06:23
08:45,33,プラザグリーティング,0,B8,-,2026-07-30,2026-07-30 23:06:23
08:45,34,ヴィレッジグリーティング,0,B8,-,2026-07-30,2026-07-30 23:06:23
08:45,35,サルードス・アミーゴス,0,B8,-,2026-07-30,2026-07-30 23:06:23
08:45,36,ドナルドグリーティング,0,B8,-,2026-07-30,2026-07-30 23:06:23
08:45,37,ミッキーグリーティング,0,B8,-,2026-07-30,2026-07-30 23:06:23
08:45,38,ミニーグリーティング,0,B8,-,2026-07-30,2026-07-30 23:06:23
08:45,39,マーメイドラグーングリーティング,0,B8,-,2026-07-30,2026-07-30 23:06:23
08:45,40,アラビアンコーストグリーティング,0,B8,-,2026-07-30,2026-07-30 23:06:23
09:15,1,ソアリン,140,B5,140,2026-07-30,2026-07-30 23:06:23
09:15,2,船メディテレーニアンハーバー発,5,B0,5,2026-07-30,2026-07-30 23:06:23
09:15,3,フォートレスエクスプロレーション,0,B8,-,2026-07-30,2026-07-30 23:06:23
09:15,4,ゴンドラ,0,B8,-,2026-07-30,2026-07-30 23:06:23
09:15,5,タワーオブテラー,30,B2,30,2026-07-30,2026-07-30 23:06:23
09:15,6,トイストーリーマニア,80,B4,80,2026-07-30,2026-07-30 23:06:23
09:15,7,タートル・トーク,20,B2,20,2026-07-30,2026-07-30 23:06:23
09:15,8,エレクトリックレールウェイアメリカンウォーターフロント発,5,B0,5,2026-07-30,2026-07-30 23:06:23
09:15,9,船アメリカンウォーターフロント発,0,B8,-,2026-07-30,2026-07-30 23:06:23
09:15,10,ヴィークル,0,B8,-,2026-07-30,2026-07-30 23:06:23
09:15,11,センターオブジアース,70,B4,70,2026-07-30,2026-07-30 23:06:23
09:15,12,海底二万マイル,5,B0,5,2026-07-30,2026-07-30 23:06:23
09:15,13,ニモandフレンズシーライダー,15,B1,15,2026-07-30,2026-07-30 23:06:23
09:15,14,アクアトピア,5,B0,5,2026-07-30,2026-07-30 23:06:23
09:15,15,鉄道ポートディスカバリー発,5,B0,5,2026-07-30,2026-07-30 23:06:23
09:15,16,インディージョーンズクリスタルスカルの謎,0,B8,-,2026-07-30,2026-07-30 23:06:23
09:15,17,レイジングスピリッツ,5,B0,5,2026-07-30,2026-07-30 23:06:23
09:15,18,船ロストリバーデルタ発,5,B0,5,2026-07-30,2026-07-30 23:06:23
09:15,19,マーメイドラグーン,0,B8,-,2026-07-30,2026-07-30 23:06:23
09:15,20,ジャンピン,5,B0,5,2026-07-30,2026-07-30 23:06:23
09:15,21,スカットルのスクーター,5,B0,5,2026-07-30,2026-07-30 23:06:23
09:15,22,フランダー,5,B0,5,2026-07-30,2026-07-30 23:06:23
09:15,23,バルーンレース,5,B0,5,2026-07-30,2026-07-30 23:06:23
09:15,24,ワールプール,5,B0,5,2026-07-30,2026-07-30 23:06:23
09:15,25,アナとエルサ,40,B3,40,2026-07-30,2026-07-30 23:06:23
09:15,26,ラプンツェル,10,B1,10,2026-07-30,2026-07-30 23:06:23
09:15,27,ピーターパン,5,B0,5,2026-07-30,2026-07-30 23:06:23
09:15,28,ティンカーベル,5,B0,5,2026-07-30,2026-07-30 23:06:23
09:15,29,マジックランプシアター,0,B8,-,2026-07-30,2026-07-30 23:06:23
09:15,30,カルーセル,0,B8,-,2026-07-30,2026-07-30 23:06:23
09:15,31,シンドバッド,5,B0,5,2026-07-30,2026-07-30 23:06:23
09:15,32,ジャスミン,0,B8,-,2026-07-30,2026-07-30 23:06:23
09:15,33,プラザグリーティング,0,B8,-,2026-07-30,2026-07-30 23:06:23
09:15,34,ヴィレッジグリーティング,0,B8,-,2026-07-30,2026-07-30 23:06:23
09:15,35,サルードス・アミーゴス,0,B8,-,2026-07-30,2026-07-30 23:06:23
09:15,36,ドナルドグリーティング,0,B8,-,2026-07-30,2026-07-30 23:06:23
09:15,37,ミッキーグリーティング,0,B8,-,2026-07-30,2026-07-30 23:06:23
09:15,38,ミニーグリーティング,0,B8,-,2026-07-30,2026-07-30 23:06:23
09:15,39,マーメイドラグーングリーティング,0,B8,-,2026-07-30,2026-07-30 23:06:23
09:15,40,アラビアンコーストグリーティング,0,B8,-,2026-07-30,2026-07-30 23:06:23
09:45,1,ソアリン,140,B5,140,2026-07-30,2026-07-30 23:06:23
09:45,2,船メディテレーニアンハーバー発,15,B1,15,2026-07-30,2026-07-30 23:06:23
09:45,3,フォートレスエクスプロレーション,0,B8,-,2026-07-30,2026-07-30 23:06:23
09:45,4,ゴンドラ,0,B8,-,2026-07-30,2026-07-30 23:06:23
09:45,5,タワーオブテラー,100,B4,100,2026-07-30,2026-07-30 23:06:23
09:45,6,トイストーリーマニア,140,B5,140,2026-07-30,2026-07-30 23:06:23
09:45,7,タートル・トーク,20,B2,20,2026-07-30,2026-07-30 23:06:23
09:45,8,エレクトリックレールウェイアメリカンウォーターフロント発,10,B1,10,2026-07-30,2026-07-30 23:06:23
09:45,9,船アメリカンウォーターフロント発,0,B8,-,2026-07-30,2026-07-30 23:06:23
09:45,10,ヴィークル,0,B8,-,2026-07-30,2026-07-30 23:06:23
09:45,11,センターオブジアース,120,B5,120,2026-07-30,2026-07-30 23:06:23
09:45,12,海底二万マイル,5,B0,5,2026-07-30,2026-07-30 23:06:23
09:45,13,ニモandフレンズシーライダー,15,B1,15,2026-07-30,2026-07-30 23:06:23
09:45,14,アクアトピア,30,B2,30,2026-07-30,2026-07-30 23:06:23
09:45,15,鉄道ポートディスカバリー発,5,B0,5,2026-07-30,2026-07-30 23:06:23
09:45,16,インディージョーンズクリスタルスカルの謎,0,B8,-,2026-07-30,2026-07-30 23:06:23
09:45,17,レイジングスピリッツ,15,B1,15,2026-07-30,2026-07-30 23:06:23
09:45,18,船ロストリバーデルタ発,5,B0,5,2026-07-30,2026-07-30 23:06:23
09:45,19,マーメイドラグーン,0,B8,-,2026-07-30,2026-07-30 23:06:23
09:45,20,ジャンピン,5,B0,5,2026-07-30,2026-07-30 23:06:23
09:45,21,スカットルのスクーター,5,B0,5,2026-07-30,2026-07-30 23:06:23
09:45,22,フランダー,5,B0,5,2026-07-30,2026-07-30 23:06:23
09:45,23,バルーンレース,5,B0,5,2026-07-30,2026-07-30 23:06:23
09:45,24,ワールプール,5,B0,5,2026-07-30,2026-07-30 23:06:23
09:45,25,アナとエルサ,140,B5,140,2026-07-30,2026-07-30 23:06:23
09:45,26,ラプンツェル,60,B3,60,2026-07-30,2026-07-30 23:06:23
09:45,27,ピーターパン,40,B3,40,2026-07-30,2026-07-30 23:06:23
09:45,28,ティンカーベル,30,B2,30,2026-07-30,2026-07-30 23:06:23
09:45,29,マジックランプシアター,0,B8,-,2026-07-30,2026-07-30 23:06:23
09:45,30,カルーセル,0,B8,-,2026-07-30,2026-07-30 23:06:23
09:45,31,シンドバッド,5,B0,5,2026-07-30,2026-07-30 23:06:23
09:45,32,ジャスミン,0,B8,-,2026-07-30,2026-07-30 23:06:23
09:45,33,プラザグリーティング,35,B3,35,2026-07-30,2026-07-30 23:06:23
09:45,34,ヴィレッジグリーティング,20,B2,20,2026-07-30,2026-07-30 23:06:23
09:45,35,サルードス・アミーゴス,0,B8,-,2026-07-30,2026-07-30 23:06:23
09:45,36,ドナルドグリーティング,25,B2,25,2026-07-30,2026-07-30 23:06:23
09:45,37,ミッキーグリーティング,15,B1,15,2026-07-30,2026-07-30 23:06:23
09:45,38,ミニーグリーティング,25,B2,25,2026-07-30,2026-07-30 23:06:23
09:45,39,マーメイドラグーングリーティング,15,B1,15,2026-07-30,2026-07-30 23:06:23
09:45,40,アラビアンコーストグリーティング,0,B8,-,2026-07-30,2026-07-30 23:06:23
10:15,1,ソアリン,120,B5,120,2026-07-30,2026-07-30 23:06:23
10:15,2,船メディテレーニアンハーバー発,30,B2,30,2026-07-30,2026-07-30 23:06:23
10:15,3,フォートレスエクスプロレーション,0,B8,-,2026-07-30,2026-07-30 23:06:23
10:15,4,ゴンドラ,0,B8,-,2026-07-30,2026-07-30 23:06:23
10:15,5,タワーオブテラー,100,B4,100,2026-07-30,2026-07-30 23:06:23
10:15,6,トイストーリーマニア,140,B5,140,2026-07-30,2026-07-30 23:06:23
10:15,7,タートル・トーク,20,B2,20,2026-07-30,2026-07-30 23:06:23
10:15,8,エレクトリックレールウェイアメリカンウォーターフロント発,25,B2,25,2026-07-30,2026-07-30 23:06:23
10:15,9,船アメリカンウォーターフロント発,0,B8,-,2026-07-30,2026-07-30 23:06:23
10:15,10,ヴィークル,0,B8,-,2026-07-30,2026-07-30 23:06:23
10:15,11,センターオブジアース,160,B6,160,2026-07-30,2026-07-30 23:06:23
10:15,12,海底二万マイル,50,B3,50,2026-07-30,2026-07-30 23:06:23
10:15,13,ニモandフレンズシーライダー,30,B2,30,2026-07-30,2026-07-30 23:06:23
10:15,14,アクアトピア,60,B3,60,2026-07-30,2026-07-30 23:06:23
10:15,15,鉄道ポートディスカバリー発,5,B0,5,2026-07-30,2026-07-30 23:06:23
10:15,16,インディージョーンズクリスタルスカルの謎,0,B8,-,2026-07-30,2026-07-30 23:06:23
10:15,17,レイジングスピリッツ,90,B4,90,2026-07-30,2026-07-30 23:06:23
10:15,18,船ロストリバーデルタ発,5,B0,5,2026-07-30,2026-07-30 23:06:23
10:15,19,マーメイドラグーン,0,B8,-,2026-07-30,2026-07-30 23:06:23
10:15,20,ジャンピン,15,B1,15,2026-07-30,2026-07-30 23:06:23
10:15,21,スカットルのスクーター,15,B1,15,2026-07-30,2026-07-30 23:06:23
10:15,22,フランダー,15,B1,15,2026-07-30,2026-07-30 23:06:23
10:15,23,バルーンレース,15,B1,15,2026-07-30,2026-07-30 23:06:23
10:15,24,ワールプール,15,B1,15,2026-07-30,2026-07-30 23:06:23
10:15,25,アナとエルサ,180,B7,180,2026-07-30,2026-07-30 23:06:23
10:15,26,ラプンツェル,80,B4,80,2026-07-30,2026-07-30 23:06:23
10:15,27,ピーターパン,60,B3,60,2026-07-30,2026-07-30 23:06:23
10:15,28,ティンカーベル,50,B3,50,2026-07-30,2026-07-30 23:06:23
10:15,29,マジックランプシアター,5,B0,5,2026-07-30,2026-07-30 23:06:23
10:15,30,カルーセル,5,B0,5,2026-07-30,2026-07-30 23:06:23
10:15,31,シンドバッド,5,B0,5,2026-07-30,2026-07-30 23:06:23
10:15,32,ジャスミン,0,B8,-,2026-07-30,2026-07-30 23:06:23
10:15,33,プラザグリーティング,35,B3,35,2026-07-30,2026-07-30 23:06:23
10:15,34,ヴィレッジグリーティング,40,B3,40,2026-07-30,2026-07-30 23:06:23
10:15,35,サルードス・アミーゴス,0,B8,-,2026-07-30,2026-07-30 23:06:23
10:15,36,ドナルドグリーティング,30,B2,30,2026-07-30,2026-07-30 23:06:23
10:15,37,ミッキーグリーティング,30,B2,30,2026-07-30,2026-07-30 23:06:23
10:15,38,ミニーグリーティング,40,B3,40,2026-07-30,2026-07-30 23:06:23
10:15,39,マーメイドラグーングリーティング,30,B2,30,2026-07-30,2026-07-30 23:06:23
10:15,40,アラビアンコーストグリーティング,0,B8,-,2026-07-30,2026-07-30 23:06:23
10:45,1,ソアリン,120,B5,120,2026-07-30,2026-07-30 23:06:23
10:45,2,船メディテレーニアンハーバー発,15,B1,15,2026-07-30,2026-07-30 23:06:23
10:45,3,フォートレスエクスプロレーション,0,B8,-,2026-07-30,2026-07-30 23:06:23
10:45,4,ゴンドラ,0,B8,-,2026-07-30,2026-07-30 23:06:23
10:45,5,タワーオブテラー,100,B4,100,2026-07-30,2026-07-30 23:06:23
10:45,6,トイストーリーマニア,140,B5,140,2026-07-30,2026-07-30 23:06:23
10:45,7,タートル・トーク,20,B2,20,2026-07-30,2026-07-30 23:06:23
10:45,8,エレクトリックレールウェイアメリカンウォーターフロント発,15,B1,15,2026-07-30,2026-07-30 23:06:23
10:45,9,船アメリカンウォーターフロント発,0,B8,-,2026-07-30,2026-07-30 23:06:23
10:45,10,ヴィークル,0,B8,-,2026-07-30,2026-07-30 23:06:23
10:45,11,センターオブジアース,180,B7,180,2026-07-30,2026-07-30 23:06:23
10:45,12,海底二万マイル,40,B3,40,2026-07-30,2026-07-30 23:06:23
10:45,13,ニモandフレンズシーライダー,15,B1,15,2026-07-30,2026-07-30 23:06:23
10:45,14,アクアトピア,60,B3,60,2026-07-30,2026-07-30 23:06:23
10:45,15,鉄道ポートディスカバリー発,5,B0,5,2026-07-30,2026-07-30 23:06:23
10:45,16,インディージョーンズクリスタルスカルの謎,0,B8,-,2026-07-30,2026-07-30 23:06:23
10:45,17,レイジングスピリッツ,80,B4,80,2026-07-30,2026-07-30 23:06:23
10:45,18,船ロストリバーデルタ発,5,B0,5,2026-07-30,2026-07-30 23:06:23
10:45,19,マーメイドラグーン,0,B8,-,2026-07-30,2026-07-30 23:06:23
10:45,20,ジャンピン,20,B2,20,2026-07-30,2026-07-30 23:06:23
10:45,21,スカットルのスクーター,15,B1,15,2026-07-30,2026-07-30 23:06:23
10:45,22,フランダー,25,B2,25,2026-07-30,2026-07-30 23:06:23
10:45,23,バルーンレース,40,B3,40,2026-07-30,2026-07-30 23:06:23
10:45,24,ワールプール,25,B2,25,2026-07-30,2026-07-30 23:06:23
10:45,25,アナとエルサ,180,B7,180,2026-07-30,2026-07-30 23:06:23
10:45,26,ラプンツェル,80,B4,80,2026-07-30,2026-07-30 23:06:23
10:45,27,ピーターパン,70,B4,70,2026-07-30,2026-07-30 23:06:23
10:45,28,ティンカーベル,50,B3,50,2026-07-30,2026-07-30 23:06:23
10:45,29,マジックランプシアター,15,B1,15,2026-07-30,2026-07-30 23:06:23
10:45,30,カルーセル,5,B0,5,2026-07-30,2026-07-30 23:06:23
10:45,31,シンドバッド,5,B0,5,2026-07-30,2026-07-30 23:06:23
10:45,32,ジャスミン,0,B8,-,2026-07-30,2026-07-30 23:06:23
10:45,33,プラザグリーティング,40,B3,40,2026-07-30,2026-07-30 23:06:23
10:45,34,ヴィレッジグリーティング,20,B2,20,2026-07-30,2026-07-30 23:06:23
10:45,35,サルードス・アミーゴス,0,B8,-,2026-07-30,2026-07-30 23:06:23
10:45,36,ドナルドグリーティング,30,B2,30,2026-07-30,2026-07-30 23:06:23
10:45,37,ミッキーグリーティング,20,B2,20,2026-07-30,2026-07-30 23:06:23
10:45,38,ミニーグリーティング,40,B3,40,2026-07-30,2026-07-30 23:06:23
10:45,39,マーメイドラグーングリーティング,30,B2,30,2026-07-30,2026-07-30 23:06:23
10:45,40,アラビアンコーストグリーティング,0,B8,-,2026-07-30,2026-07-30 23:06:23
11:15,1,ソアリン,120,B5,120,2026-07-30,2026-07-30 23:06:23
11:15,2,船メディテレーニアンハーバー発,15,B1,15,2026-07-30,2026-07-30 23:06:23
11:15,3,フォートレスエクスプロレーション,0,B8,-,2026-07-30,2026-07-30 23:06:23
11:15,4,ゴンドラ,0,B8,-,2026-07-30,2026-07-30 23:06:23
11:15,5,タワーオブテラー,100,B4,100,2026-07-30,2026-07-30 23:06:23
11:15,6,トイストーリーマニア,140,B5,140,2026-07-30,2026-07-30 23:06:23
11:15,7,タートル・トーク,15,B1,15,2026-07-30,2026-07-30 23:06:23
11:15,8,エレクトリックレールウェイアメリカンウォーターフロント発,20,B2,20,2026-07-30,2026-07-30 23:06:23
11:15,9,船アメリカンウォーターフロント発,0,B8,-,2026-07-30,2026-07-30 23:06:23
11:15,10,ヴィークル,0,B8,-,2026-07-30,2026-07-30 23:06:23
11:15,11,センターオブジアース,180,B7,180,2026-07-30,2026-07-30 23:06:23
11:15,12,海底二万マイル,50,B3,50,2026-07-30,2026-07-30 23:06:23
11:15,13,ニモandフレンズシーライダー,15,B1,15,2026-07-30,2026-07-30 23:06:23
11:15,14,アクアトピア,40,B3,40,2026-07-30,2026-07-30 23:06:23
11:15,15,鉄道ポートディスカバリー発,5,B0,5,2026-07-30,2026-07-30 23:06:23
11:15,16,インディージョーンズクリスタルスカルの謎,0,B8,-,2026-07-30,2026-07-30 23:06:23
11:15,17,レイジングスピリッツ,60,B3,60,2026-07-30,2026-07-30 23:06:23
11:15,18,船ロストリバーデルタ発,5,B0,5,2026-07-30,2026-07-30 23:06:23
11:15,19,マーメイドラグーン,0,B8,-,2026-07-30,2026-07-30 23:06:23
11:15,20,ジャンピン,25,B2,25,2026-07-30,2026-07-30 23:06:23
11:15,21,スカットルのスクーター,20,B2,20,2026-07-30,2026-07-30 23:06:23
11:15,22,フランダー,30,B2,30,2026-07-30,2026-07-30 23:06:23
11:15,23,バルーンレース,30,B2,30,2026-07-30,2026-07-30 23:06:23
11:15,24,ワールプール,25,B2,25,2026-07-30,2026-07-30 23:06:23
11:15,25,アナとエルサ,180,B7,180,2026-07-30,2026-07-30 23:06:23
11:15,26,ラプンツェル,90,B4,90,2026-07-30,2026-07-30 23:06:23
11:15,27,ピーターパン,60,B3,60,2026-07-30,2026-07-30 23:06:23
11:15,28,ティンカーベル,40,B3,40,2026-07-30,2026-07-30 23:06:23
11:15,29,マジックランプシアター,15,B1,15,2026-07-30,2026-07-30 23:06:23
11:15,30,カルーセル,5,B0,5,2026-07-30,2026-07-30 23:06:23
11:15,31,シンドバッド,10,B1,10,2026-07-30,2026-07-30 23:06:23
11:15,32,ジャスミン,0,B8,-,2026-07-30,2026-07-30 23:06:23
11:15,33,プラザグリーティング,25,B2,25,2026-07-30,2026-07-30 23:06:23
11:15,34,ヴィレッジグリーティング,50,B3,50,2026-07-30,2026-07-30 23:06:23
11:15,35,サルードス・アミーゴス,0,B8,-,2026-07-30,2026-07-30 23:06:23
11:15,36,ドナルドグリーティング,40,B3,40,2026-07-30,2026-07-30 23:06:23
11:15,37,ミッキーグリーティング,30,B2,30,2026-07-30,2026-07-30 23:06:23
11:15,38,ミニーグリーティング,40,B3,40,2026-07-30,2026-07-30 23:06:23
11:15,39,マーメイドラグーングリーティング,40,B3,40,2026-07-30,2026-07-30 23:06:23
11:15,40,アラビアンコーストグリーティング,0,B8,-,2026-07-30,2026-07-30 23:06:23
11:45,1,ソアリン,140,B5,140,2026-07-30,2026-07-30 23:06:23
11:45,2,船メディテレーニアンハーバー発,5,B0,5,2026-07-30,2026-07-30 23:06:23
11:45,3,フォートレスエクスプロレーション,0,B8,-,2026-07-30,2026-07-30 23:06:23
11:45,4,ゴンドラ,0,B8,-,2026-07-30,2026-07-30 23:06:23
11:45,5,タワーオブテラー,100,B4,100,2026-07-30,2026-07-30 23:06:23
11:45,6,トイストーリーマニア,120,B5,120,2026-07-30,2026-07-30 23:06:23
11:45,7,タートル・トーク,15,B1,15,2026-07-30,2026-07-30 23:06:23
11:45,8,エレクトリックレールウェイアメリカンウォーターフロント発,10,B1,10,2026-07-30,2026-07-30 23:06:23
11:45,9,船アメリカンウォーターフロント発,0,B8,-,2026-07-30,2026-07-30 23:06:23
11:45,10,ヴィークル,0,B8,-,2026-07-30,2026-07-30 23:06:23
11:45,11,センターオブジアース,140,B5,140,2026-07-30,2026-07-30 23:06:23
11:45,12,海底二万マイル,60,B3,60,2026-07-30,2026-07-30 23:06:23
11:45,13,ニモandフレンズシーライダー,15,B1,15,2026-07-30,2026-07-30 23:06:23
11:45,14,アクアトピア,40,B3,40,2026-07-30,2026-07-30 23:06:23
11:45,15,鉄道ポートディスカバリー発,5,B0,5,2026-07-30,2026-07-30 23:06:23
11:45,16,インディージョーンズクリスタルスカルの謎,0,B8,-,2026-07-30,2026-07-30 23:06:23
11:45,17,レイジングスピリッツ,70,B4,70,2026-07-30,2026-07-30 23:06:23
11:45,18,船ロストリバーデルタ発,5,B0,5,2026-07-30,2026-07-30 23:06:23
11:45,19,マーメイドラグーン,0,B8,-,2026-07-30,2026-07-30 23:06:23
11:45,20,ジャンピン,25,B2,25,2026-07-30,2026-07-30 23:06:23
11:45,21,スカットルのスクーター,20,B2,20,2026-07-30,2026-07-30 23:06:23
11:45,22,フランダー,30,B2,30,2026-07-30,2026-07-30 23:06:23
11:45,23,バルーンレース,30,B2,30,2026-07-30,2026-07-30 23:06:23
11:45,24,ワールプール,20,B2,20,2026-07-30,2026-07-30 23:06:23
11:45,25,アナとエルサ,0,B8,-,2026-07-30,2026-07-30 23:06:23
11:45,26,ラプンツェル,80,B4,80,2026-07-30,2026-07-30 23:06:23
11:45,27,ピーターパン,60,B3,60,2026-07-30,2026-07-30 23:06:23
11:45,28,ティンカーベル,40,B3,40,2026-07-30,2026-07-30 23:06:23
11:45,29,マジックランプシアター,15,B1,15,2026-07-30,2026-07-30 23:06:23
11:45,30,カルーセル,10,B1,10,2026-07-30,2026-07-30 23:06:23
11:45,31,シンドバッド,15,B1,15,2026-07-30,2026-07-30 23:06:23
11:45,32,ジャスミン,0,B8,-,2026-07-30,2026-07-30 23:06:23
11:45,33,プラザグリーティング,30,B2,30,2026-07-30,2026-07-30 23:06:23
11:45,34,ヴィレッジグリーティング,20,B2,20,2026-07-30,2026-07-30 23:06:23
11:45,35,サルードス・アミーゴス,0,B8,-,2026-07-30,2026-07-30 23:06:23
11:45,36,ドナルドグリーティング,40,B3,40,2026-07-30,2026-07-30 23:06:23
11:45,37,ミッキーグリーティング,40,B3,40,2026-07-30,2026-07-30 23:06:23
11:45,38,ミニーグリーティング,40,B3,40,2026-07-30,2026-07-30 23:06:23
11:45,39,マーメイドラグーングリーティング,30,B2,30,2026-07-30,2026-07-30 23:06:23
11:45,40,アラビアンコーストグリーティング,0,B8,-,2026-07-30,2026-07-30 23:06:23
12:15,1,ソアリン,120,B5,120,2026-07-30,2026-07-30 23:06:23
12:15,2,船メディテレーニアンハーバー発,5,B0,5,2026-07-30,2026-07-30 23:06:23
12:15,3,フォートレスエクスプロレーション,0,B8,-,2026-07-30,2026-07-30 23:06:23
12:15,4,ゴンドラ,0,B8,-,2026-07-30,2026-07-30 23:06:23
12:15,5,タワーオブテラー,90,B4,90,2026-07-30,2026-07-30 23:06:23
12:15,6,トイストーリーマニア,100,B4,100,2026-07-30,2026-07-30 23:06:23
12:15,7,タートル・トーク,15,B1,15,2026-07-30,2026-07-30 23:06:23
12:15,8,エレクトリックレールウェイアメリカンウォーターフロント発,15,B1,15,2026-07-30,2026-07-30 23:06:23
12:15,9,船アメリカンウォーターフロント発,5,B0,5,2026-07-30,2026-07-30 23:06:23
12:15,10,ヴィークル,0,B8,-,2026-07-30,2026-07-30 23:06:23
12:15,11,センターオブジアース,140,B5,140,2026-07-30,2026-07-30 23:06:23
12:15,12,海底二万マイル,60,B3,60,2026-07-30,2026-07-30 23:06:23
12:15,13,ニモandフレンズシーライダー,20,B2,20,2026-07-30,2026-07-30 23:06:23
12:15,14,アクアトピア,50,B3,50,2026-07-30,2026-07-30 23:06:23
12:15,15,鉄道ポートディスカバリー発,5,B0,5,2026-07-30,2026-07-30 23:06:23
12:15,16,インディージョーンズクリスタルスカルの謎,0,B8,-,2026-07-30,2026-07-30 23:06:23
12:15,17,レイジングスピリッツ,80,B4,80,2026-07-30,2026-07-30 23:06:23
12:15,18,船ロストリバーデルタ発,5,B0,5,2026-07-30,2026-07-30 23:06:23
12:15,19,マーメイドラグーン,0,B8,-,2026-07-30,2026-07-30 23:06:23
12:15,20,ジャンピン,20,B2,20,2026-07-30,2026-07-30 23:06:23
12:15,21,スカットルのスクーター,20,B2,20,2026-07-30,2026-07-30 23:06:23
12:15,22,フランダー,25,B2,25,2026-07-30,2026-07-30 23:06:23
12:15,23,バルーンレース,30,B2,30,2026-07-30,2026-07-30 23:06:23
12:15,24,ワールプール,30,B2,30,2026-07-30,2026-07-30 23:06:23
12:15,25,アナとエルサ,0,B8,-,2026-07-30,2026-07-30 23:06:23
12:15,26,ラプンツェル,50,B3,50,2026-07-30,2026-07-30 23:06:23
12:15,27,ピーターパン,70,B4,70,2026-07-30,2026-07-30 23:06:23
12:15,28,ティンカーベル,40,B3,40,2026-07-30,2026-07-30 23:06:23
12:15,29,マジックランプシアター,15,B1,15,2026-07-30,2026-07-30 23:06:23
12:15,30,カルーセル,15,B1,15,2026-07-30,2026-07-30 23:06:23
12:15,31,シンドバッド,15,B1,15,2026-07-30,2026-07-30 23:06:23
12:15,32,ジャスミン,0,B8,-,2026-07-30,2026-07-30 23:06:23
12:15,33,プラザグリーティング,0,B8,-,2026-07-30,2026-07-30 23:06:23
12:15,34,ヴィレッジグリーティング,30,B2,30,2026-07-30,2026-07-30 23:06:23
12:15,35,サルードス・アミーゴス,0,B8,-,2026-07-30,2026-07-30 23:06:23
12:15,36,ドナルドグリーティング,40,B3,40,2026-07-30,2026-07-30 23:06:23
12:15,37,ミッキーグリーティング,20,B2,20,2026-07-30,2026-07-30 23:06:23
12:15,38,ミニーグリーティング,40,B3,40,2026-07-30,2026-07-30 23:06:23
12:15,39,マーメイドラグーングリーティング,20,B2,20,2026-07-30,2026-07-30 23:06:23
12:15,40,アラビアンコーストグリーティング,0,B8,-,2026-07-30,2026-07-30 23:06:23
12:43,1,ソアリン,100,B4,100,2026-07-30,2026-07-30 23:06:23
12:43,2,船メディテレーニアンハーバー発,10,B1,10,2026-07-30,2026-07-30 23:06:23
12:43,3,フォートレスエクスプロレーション,0,B8,-,2026-07-30,2026-07-30 23:06:23
12:43,4,ゴンドラ,0,B8,-,2026-07-30,2026-07-30 23:06:23
12:43,5,タワーオブテラー,100,B4,100,2026-07-30,2026-07-30 23:06:23
12:43,6,トイストーリーマニア,100,B4,100,2026-07-30,2026-07-30 23:06:23
12:43,7,タートル・トーク,15,B1,15,2026-07-30,2026-07-30 23:06:23
12:43,8,エレクトリックレールウェイアメリカンウォーターフロント発,10,B1,10,2026-07-30,2026-07-30 23:06:23
12:43,9,船アメリカンウォーターフロント発,5,B0,5,2026-07-30,2026-07-30 23:06:23
12:43,10,ヴィークル,0,B8,-,2026-07-30,2026-07-30 23:06:23
12:43,11,センターオブジアース,140,B5,140,2026-07-30,2026-07-30 23:06:23
12:43,12,海底二万マイル,50,B3,50,2026-07-30,2026-07-30 23:06:23
12:43,13,ニモandフレンズシーライダー,20,B2,20,2026-07-30,2026-07-30 23:06:23
12:43,14,アクアトピア,50,B3,50,2026-07-30,2026-07-30 23:06:23
12:43,15,鉄道ポートディスカバリー発,5,B0,5,2026-07-30,2026-07-30 23:06:23
12:43,16,インディージョーンズクリスタルスカルの謎,0,B8,-,2026-07-30,2026-07-30 23:06:23
12:43,17,レイジングスピリッツ,80,B4,80,2026-07-30,2026-07-30 23:06:23
12:43,18,船ロストリバーデルタ発,10,B1,10,2026-07-30,2026-07-30 23:06:23
12:43,19,マーメイドラグーン,0,B8,-,2026-07-30,2026-07-30 23:06:23
12:43,20,ジャンピン,25,B2,25,2026-07-30,2026-07-30 23:06:23
12:43,21,スカットルのスクーター,15,B1,15,2026-07-30,2026-07-30 23:06:23
12:43,22,フランダー,30,B2,30,2026-07-30,2026-07-30 23:06:23
12:43,23,バルーンレース,30,B2,30,2026-07-30,2026-07-30 23:06:23
12:43,24,ワールプール,25,B2,25,2026-07-30,2026-07-30 23:06:23
12:43,25,アナとエルサ,120,B5,120,2026-07-30,2026-07-30 23:06:23
12:43,26,ラプンツェル,60,B3,60,2026-07-30,2026-07-30 23:06:23
12:43,27,ピーターパン,70,B4,70,2026-07-30,2026-07-30 23:06:23
12:43,28,ティンカーベル,40,B3,40,2026-07-30,2026-07-30 23:06:23
12:43,29,マジックランプシアター,15,B1,15,2026-07-30,2026-07-30 23:06:23
12:43,30,カルーセル,15,B1,15,2026-07-30,2026-07-30 23:06:23
12:43,31,シンドバッド,15,B1,15,2026-07-30,2026-07-30 23:06:23
12:43,32,ジャスミン,0,B8,-,2026-07-30,2026-07-30 23:06:23
12:43,33,プラザグリーティング,0,B8,-,2026-07-30,2026-07-30 23:06:23
12:43,34,ヴィレッジグリーティング,25,B2,25,2026-07-30,2026-07-30 23:06:23
12:43,35,サルードス・アミーゴス,0,B8,-,2026-07-30,2026-07-30 23:06:23
12:43,36,ドナルドグリーティング,45,B3,45,2026-07-30,2026-07-30 23:06:23
12:43,37,ミッキーグリーティング,20,B2,20,2026-07-30,2026-07-30 23:06:23
12:43,38,ミニーグリーティング,30,B2,30,2026-07-30,2026-07-30 23:06:23
12:43,39,マーメイドラグーングリーティング,30,B2,30,2026-07-30,2026-07-30 23:06:23
12:43,40,アラビアンコーストグリーティング,0,B8,-,2026-07-30,2026-07-30 23:06:23
