time,attraction_index,attraction_name,wait_time,css_class,raw_value,date,scraped_at
08:15,1,オムニバス,0,B8,-,2026-06-07,2026-06-25 23:09:36
08:15,2,ウエスタンリバー鉄道,0,B8,-,2026-06-07,2026-06-25 23:09:36
08:15,3,カリブの海賊,0,B8,-,2026-06-07,2026-06-25 23:09:36
08:15,4,ジャングルクルーズ,0,B8,-,2026-06-07,2026-06-25 23:09:36
08:15,5,ツリーハウス,0,B8,-,2026-06-07,2026-06-25 23:09:36
08:15,6,魅惑のチキルーム,0,B8,-,2026-06-07,2026-06-25 23:09:36
08:15,7,ビッグサンダーマウンテン,0,B8,-,2026-06-07,2026-06-25 23:09:36
08:15,8,シューティングギャラリー,0,B8,-,2026-06-07,2026-06-25 23:09:36
08:15,9,カントリーベアシアター,0,B8,-,2026-06-07,2026-06-25 23:09:36
08:15,10,トムソーヤ島いかだ,0,B8,-,2026-06-07,2026-06-25 23:09:36
08:15,11,蒸気船マークトゥウェイン号,0,B8,-,2026-06-07,2026-06-25 23:09:36
08:15,12,スプラッシュマウンテン,0,B8,-,2026-06-07,2026-06-25 23:09:36
08:15,13,ビーバーブラザーズのカヌー探検,0,B8,-,2026-06-07,2026-06-25 23:09:36
08:15,14,イッツ・ア・スモールワールド,0,B8,-,2026-06-07,2026-06-25 23:09:36
08:15,15,プーさんのハニーハント,0,B8,-,2026-06-07,2026-06-25 23:09:36
08:15,16,ホーンテッドマンション,0,B8,-,2026-06-07,2026-06-25 23:09:36
08:15,17,アリスのティーパーティー,0,B8,-,2026-06-07,2026-06-25 23:09:36
08:15,18,キャッスルカルーセル,0,B8,-,2026-06-07,2026-06-25 23:09:36
08:15,19,シンデレラのフェアリーテイル・ホール,0,B8,-,2026-06-07,2026-06-25 23:09:36
08:15,20,ピノキオの冒険旅行,0,B8,-,2026-06-07,2026-06-25 23:09:36
08:15,21,ピーターパン空の旅,0,B8,-,2026-06-07,2026-06-25 23:09:36
08:15,22,ミッキーのフィルハーマジック,0,B8,-,2026-06-07,2026-06-25 23:09:36
08:15,23,白雪姫と七人のこびと,0,B8,-,2026-06-07,2026-06-25 23:09:36
08:15,24,空飛ぶダンボ,0,B8,-,2026-06-07,2026-06-25 23:09:36
08:15,25,ガジェットのゴーコースター,0,B8,-,2026-06-07,2026-06-25 23:09:36
08:15,26,グーフィーのペイント&プレイハウス,0,B8,-,2026-06-07,2026-06-25 23:09:36
08:15,27,チップとデールのツリーハウス,0,B8,-,2026-06-07,2026-06-25 23:09:36
08:15,28,ドナルドのボート,0,B8,-,2026-06-07,2026-06-25 23:09:36
08:15,29,ミニーの家,0,B8,-,2026-06-07,2026-06-25 23:09:36
08:15,30,カートゥーンスピン,0,B8,-,2026-06-07,2026-06-25 23:09:36
08:15,31,スター・ツアーズ,0,B8,-,2026-06-07,2026-06-25 23:09:36
08:15,32,スペースマウンテン,0,B8,-,2026-06-07,2026-06-25 23:09:36
08:15,33,バズ・ライトイヤーのアストロブラスター,0,B8,-,2026-06-07,2026-06-25 23:09:36
08:15,34,モンスターズ・インク,0,B8,-,2026-06-07,2026-06-25 23:09:36
08:15,35,美女と野獣の物語,0,B8,-,2026-06-07,2026-06-25 23:09:36
08:15,36,ベイマックスのハッピーライド,0,B8,-,2026-06-07,2026-06-25 23:09:36
08:15,37,スティッチ・エンカウンター,0,B8,-,2026-06-07,2026-06-25 23:09:36
08:15,38,ハウス前グリーティング,0,B8,-,2026-06-07,2026-06-25 23:09:36
08:15,39,ドナルドグリーティング,0,B8,-,2026-06-07,2026-06-25 23:09:36
08:15,40,デイジーグリーティング,0,B8,-,2026-06-07,2026-06-25 23:09:36
08:15,41,ミニーグリーティング,0,B8,-,2026-06-07,2026-06-25 23:09:36
08:15,42,ミート・ミッキー,0,B8,-,2026-06-07,2026-06-25 23:09:36
08:45,1,オムニバス,0,B8,-,2026-06-07,2026-06-25 23:09:36
08:45,2,ウエスタンリバー鉄道,0,B8,-,2026-06-07,2026-06-25 23:09:36
08:45,3,カリブの海賊,0,B8,-,2026-06-07,2026-06-25 23:09:36
08:45,4,ジャングルクルーズ,0,B8,-,2026-06-07,2026-06-25 23:09:36
08:45,5,ツリーハウス,0,B8,-,2026-06-07,2026-06-25 23:09:36
08:45,6,魅惑のチキルーム,0,B8,-,2026-06-07,2026-06-25 23:09:36
08:45,7,ビッグサンダーマウンテン,0,B8,-,2026-06-07,2026-06-25 23:09:36
08:45,8,シューティングギャラリー,0,B8,-,2026-06-07,2026-06-25 23:09:36
08:45,9,カントリーベアシアター,0,B8,-,2026-06-07,2026-06-25 23:09:36
08:45,10,トムソーヤ島いかだ,0,B8,-,2026-06-07,2026-06-25 23:09:36
08:45,11,蒸気船マークトゥウェイン号,0,B8,-,2026-06-07,2026-06-25 23:09:36
08:45,12,スプラッシュマウンテン,0,B8,-,2026-06-07,2026-06-25 23:09:36
08:45,13,ビーバーブラザーズのカヌー探検,0,B8,-,2026-06-07,2026-06-25 23:09:36
08:45,14,イッツ・ア・スモールワールド,0,B8,-,2026-06-07,2026-06-25 23:09:36
08:45,15,プーさんのハニーハント,0,B8,-,2026-06-07,2026-06-25 23:09:36
08:45,16,ホーンテッドマンション,0,B8,-,2026-06-07,2026-06-25 23:09:36
08:45,17,アリスのティーパーティー,0,B8,-,2026-06-07,2026-06-25 23:09:36
08:45,18,キャッスルカルーセル,0,B8,-,2026-06-07,2026-06-25 23:09:36
08:45,19,シンデレラのフェアリーテイル・ホール,0,B8,-,2026-06-07,2026-06-25 23:09:36
08:45,20,ピノキオの冒険旅行,0,B8,-,2026-06-07,2026-06-25 23:09:36
08:45,21,ピーターパン空の旅,0,B8,-,2026-06-07,2026-06-25 23:09:36
08:45,22,ミッキーのフィルハーマジック,0,B8,-,2026-06-07,2026-06-25 23:09:36
08:45,23,白雪姫と七人のこびと,0,B8,-,2026-06-07,2026-06-25 23:09:36
08:45,24,空飛ぶダンボ,0,B8,-,2026-06-07,2026-06-25 23:09:36
08:45,25,ガジェットのゴーコースター,0,B8,-,2026-06-07,2026-06-25 23:09:36
08:45,26,グーフィーのペイント&プレイハウス,0,B8,-,2026-06-07,2026-06-25 23:09:36
08:45,27,チップとデールのツリーハウス,0,B8,-,2026-06-07,2026-06-25 23:09:36
08:45,28,ドナルドのボート,0,B8,-,2026-06-07,2026-06-25 23:09:36
08:45,29,ミニーの家,0,B8,-,2026-06-07,2026-06-25 23:09:36
08:45,30,カートゥーンスピン,0,B8,-,2026-06-07,2026-06-25 23:09:36
08:45,31,スター・ツアーズ,0,B8,-,2026-06-07,2026-06-25 23:09:36
08:45,32,スペースマウンテン,0,B8,-,2026-06-07,2026-06-25 23:09:36
08:45,33,バズ・ライトイヤーのアストロブラスター,0,B8,-,2026-06-07,2026-06-25 23:09:36
08:45,34,モンスターズ・インク,0,B8,-,2026-06-07,2026-06-25 23:09:36
08:45,35,美女と野獣の物語,0,B8,-,2026-06-07,2026-06-25 23:09:36
08:45,36,ベイマックスのハッピーライド,0,B8,-,2026-06-07,2026-06-25 23:09:36
08:45,37,スティッチ・エンカウンター,0,B8,-,2026-06-07,2026-06-25 23:09:36
08:45,38,ハウス前グリーティング,0,B8,-,2026-06-07,2026-06-25 23:09:36
08:45,39,ドナルドグリーティング,0,B8,-,2026-06-07,2026-06-25 23:09:36
08:45,40,デイジーグリーティング,0,B8,-,2026-06-07,2026-06-25 23:09:36
08:45,41,ミニーグリーティング,0,B8,-,2026-06-07,2026-06-25 23:09:36
08:45,42,ミート・ミッキー,0,B8,-,2026-06-07,2026-06-25 23:09:36
09:15,1,オムニバス,0,B8,-,2026-06-07,2026-06-25 23:09:36
09:15,2,ウエスタンリバー鉄道,0,B8,-,2026-06-07,2026-06-25 23:09:36
09:15,3,カリブの海賊,0,B8,-,2026-06-07,2026-06-25 23:09:36
09:15,4,ジャングルクルーズ,5,B0,5,2026-06-07,2026-06-25 23:09:36
09:15,5,ツリーハウス,0,B8,-,2026-06-07,2026-06-25 23:09:36
09:15,6,魅惑のチキルーム,0,B8,-,2026-06-07,2026-06-25 23:09:36
09:15,7,ビッグサンダーマウンテン,0,B8,-,2026-06-07,2026-06-25 23:09:36
09:15,8,シューティングギャラリー,5,B0,5,2026-06-07,2026-06-25 23:09:36
09:15,9,カントリーベアシアター,0,B8,-,2026-06-07,2026-06-25 23:09:36
09:15,10,トムソーヤ島いかだ,0,B8,-,2026-06-07,2026-06-25 23:09:36
09:15,11,蒸気船マークトゥウェイン号,0,B8,-,2026-06-07,2026-06-25 23:09:36
09:15,12,スプラッシュマウンテン,40,B3,40,2026-06-07,2026-06-25 23:09:36
09:15,13,ビーバーブラザーズのカヌー探検,0,B8,-,2026-06-07,2026-06-25 23:09:36
09:15,14,イッツ・ア・スモールワールド,5,B0,5,2026-06-07,2026-06-25 23:09:36
09:15,15,プーさんのハニーハント,0,B8,-,2026-06-07,2026-06-25 23:09:36
09:15,16,ホーンテッドマンション,13,B1,13,2026-06-07,2026-06-25 23:09:36
09:15,17,アリスのティーパーティー,5,B0,5,2026-06-07,2026-06-25 23:09:36
09:15,18,キャッスルカルーセル,5,B0,5,2026-06-07,2026-06-25 23:09:36
09:15,19,シンデレラのフェアリーテイル・ホール,0,B8,-,2026-06-07,2026-06-25 23:09:36
09:15,20,ピノキオの冒険旅行,5,B0,5,2026-06-07,2026-06-25 23:09:36
09:15,21,ピーターパン空の旅,5,B0,5,2026-06-07,2026-06-25 23:09:36
09:15,22,ミッキーのフィルハーマジック,5,B0,5,2026-06-07,2026-06-25 23:09:36
09:15,23,白雪姫と七人のこびと,5,B0,5,2026-06-07,2026-06-25 23:09:36
09:15,24,空飛ぶダンボ,0,B8,-,2026-06-07,2026-06-25 23:09:36
09:15,25,ガジェットのゴーコースター,5,B0,5,2026-06-07,2026-06-25 23:09:36
09:15,26,グーフィーのペイント&プレイハウス,0,B8,-,2026-06-07,2026-06-25 23:09:36
09:15,27,チップとデールのツリーハウス,5,B0,5,2026-06-07,2026-06-25 23:09:36
09:15,28,ドナルドのボート,5,B0,5,2026-06-07,2026-06-25 23:09:36
09:15,29,ミニーの家,5,B0,5,2026-06-07,2026-06-25 23:09:36
09:15,30,カートゥーンスピン,5,B0,5,2026-06-07,2026-06-25 23:09:36
09:15,31,スター・ツアーズ,5,B0,5,2026-06-07,2026-06-25 23:09:36
09:15,32,スペースマウンテン,0,B8,-,2026-06-07,2026-06-25 23:09:36
09:15,33,バズ・ライトイヤーのアストロブラスター,0,B8,-,2026-06-07,2026-06-25 23:09:36
09:15,34,モンスターズ・インク,60,B3,60,2026-06-07,2026-06-25 23:09:36
09:15,35,美女と野獣の物語,160,B6,160,2026-06-07,2026-06-25 23:09:36
09:15,36,ベイマックスのハッピーライド,100,B4,100,2026-06-07,2026-06-25 23:09:36
09:15,37,スティッチ・エンカウンター,0,B8,-,2026-06-07,2026-06-25 23:09:36
09:15,38,ハウス前グリーティング,0,B8,-,2026-06-07,2026-06-25 23:09:36
09:15,39,ドナルドグリーティング,15,B1,15,2026-06-07,2026-06-25 23:09:36
09:15,40,デイジーグリーティング,10,B1,10,2026-06-07,2026-06-25 23:09:36
09:15,41,ミニーグリーティング,25,B2,25,2026-06-07,2026-06-25 23:09:36
09:15,42,ミート・ミッキー,25,B2,25,2026-06-07,2026-06-25 23:09:36
09:45,1,オムニバス,0,B8,-,2026-06-07,2026-06-25 23:09:36
09:45,2,ウエスタンリバー鉄道,20,B2,20,2026-06-07,2026-06-25 23:09:36
09:45,3,カリブの海賊,0,B8,-,2026-06-07,2026-06-25 23:09:36
09:45,4,ジャングルクルーズ,20,B2,20,2026-06-07,2026-06-25 23:09:36
09:45,5,ツリーハウス,0,B8,-,2026-06-07,2026-06-25 23:09:36
09:45,6,魅惑のチキルーム,0,B8,-,2026-06-07,2026-06-25 23:09:36
09:45,7,ビッグサンダーマウンテン,0,B8,-,2026-06-07,2026-06-25 23:09:36
09:45,8,シューティングギャラリー,5,B0,5,2026-06-07,2026-06-25 23:09:36
09:45,9,カントリーベアシアター,0,B8,-,2026-06-07,2026-06-25 23:09:36
09:45,10,トムソーヤ島いかだ,0,B8,-,2026-06-07,2026-06-25 23:09:36
09:45,11,蒸気船マークトゥウェイン号,0,B8,-,2026-06-07,2026-06-25 23:09:36
09:45,12,スプラッシュマウンテン,80,B4,80,2026-06-07,2026-06-25 23:09:36
09:45,13,ビーバーブラザーズのカヌー探検,0,B8,-,2026-06-07,2026-06-25 23:09:36
09:45,14,イッツ・ア・スモールワールド,10,B1,10,2026-06-07,2026-06-25 23:09:36
09:45,15,プーさんのハニーハント,82,B4,82,2026-06-07,2026-06-25 23:09:36
09:45,16,ホーンテッドマンション,25,B2,25,2026-06-07,2026-06-25 23:09:36
09:45,17,アリスのティーパーティー,5,B0,5,2026-06-07,2026-06-25 23:09:36
09:45,18,キャッスルカルーセル,5,B0,5,2026-06-07,2026-06-25 23:09:36
09:45,19,シンデレラのフェアリーテイル・ホール,0,B8,-,2026-06-07,2026-06-25 23:09:36
09:45,20,ピノキオの冒険旅行,5,B0,5,2026-06-07,2026-06-25 23:09:36
09:45,21,ピーターパン空の旅,40,B3,40,2026-06-07,2026-06-25 23:09:36
09:45,22,ミッキーのフィルハーマジック,5,B0,5,2026-06-07,2026-06-25 23:09:36
09:45,23,白雪姫と七人のこびと,15,B1,15,2026-06-07,2026-06-25 23:09:36
09:45,24,空飛ぶダンボ,0,B8,-,2026-06-07,2026-06-25 23:09:36
09:45,25,ガジェットのゴーコースター,25,B2,25,2026-06-07,2026-06-25 23:09:36
09:45,26,グーフィーのペイント&プレイハウス,0,B8,-,2026-06-07,2026-06-25 23:09:36
09:45,27,チップとデールのツリーハウス,5,B0,5,2026-06-07,2026-06-25 23:09:36
09:45,28,ドナルドのボート,5,B0,5,2026-06-07,2026-06-25 23:09:36
09:45,29,ミニーの家,5,B0,5,2026-06-07,2026-06-25 23:09:36
09:45,30,カートゥーンスピン,15,B1,15,2026-06-07,2026-06-25 23:09:36
09:45,31,スター・ツアーズ,20,B2,20,2026-06-07,2026-06-25 23:09:36
09:45,32,スペースマウンテン,0,B8,-,2026-06-07,2026-06-25 23:09:36
09:45,33,バズ・ライトイヤーのアストロブラスター,0,B8,-,2026-06-07,2026-06-25 23:09:36
09:45,34,モンスターズ・インク,100,B4,100,2026-06-07,2026-06-25 23:09:36
09:45,35,美女と野獣の物語,120,B5,120,2026-06-07,2026-06-25 23:09:36
09:45,36,ベイマックスのハッピーライド,120,B5,120,2026-06-07,2026-06-25 23:09:36
09:45,37,スティッチ・エンカウンター,0,B8,-,2026-06-07,2026-06-25 23:09:36
09:45,38,ハウス前グリーティング,70,B4,70,2026-06-07,2026-06-25 23:09:36
09:45,39,ドナルドグリーティング,45,B3,45,2026-06-07,2026-06-25 23:09:36
09:45,40,デイジーグリーティング,35,B3,35,2026-06-07,2026-06-25 23:09:36
09:45,41,ミニーグリーティング,45,B3,45,2026-06-07,2026-06-25 23:09:36
09:45,42,ミート・ミッキー,55,B3,55,2026-06-07,2026-06-25 23:09:36
10:15,1,オムニバス,5,B0,5,2026-06-07,2026-06-25 23:09:36
10:15,2,ウエスタンリバー鉄道,15,B1,15,2026-06-07,2026-06-25 23:09:36
10:15,3,カリブの海賊,0,B8,-,2026-06-07,2026-06-25 23:09:36
10:15,4,ジャングルクルーズ,20,B2,20,2026-06-07,2026-06-25 23:09:36
10:15,5,ツリーハウス,0,B8,-,2026-06-07,2026-06-25 23:09:36
10:15,6,魅惑のチキルーム,5,B0,5,2026-06-07,2026-06-25 23:09:36
10:15,7,ビッグサンダーマウンテン,0,B8,-,2026-06-07,2026-06-25 23:09:36
10:15,8,シューティングギャラリー,5,B0,5,2026-06-07,2026-06-25 23:09:36
10:15,9,カントリーベアシアター,5,B0,5,2026-06-07,2026-06-25 23:09:36
10:15,10,トムソーヤ島いかだ,0,B8,-,2026-06-07,2026-06-25 23:09:36
10:15,11,蒸気船マークトゥウェイン号,10,B1,10,2026-06-07,2026-06-25 23:09:36
10:15,12,スプラッシュマウンテン,120,B5,120,2026-06-07,2026-06-25 23:09:36
10:15,13,ビーバーブラザーズのカヌー探検,0,B8,-,2026-06-07,2026-06-25 23:09:36
10:15,14,イッツ・ア・スモールワールド,15,B1,15,2026-06-07,2026-06-25 23:09:36
10:15,15,プーさんのハニーハント,60,B3,60,2026-06-07,2026-06-25 23:09:36
10:15,16,ホーンテッドマンション,13,B1,13,2026-06-07,2026-06-25 23:09:36
10:15,17,アリスのティーパーティー,10,B1,10,2026-06-07,2026-06-25 23:09:36
10:15,18,キャッスルカルーセル,20,B2,20,2026-06-07,2026-06-25 23:09:36
10:15,19,シンデレラのフェアリーテイル・ホール,5,B0,5,2026-06-07,2026-06-25 23:09:36
10:15,20,ピノキオの冒険旅行,10,B1,10,2026-06-07,2026-06-25 23:09:36
10:15,21,ピーターパン空の旅,25,B2,25,2026-06-07,2026-06-25 23:09:36
10:15,22,ミッキーのフィルハーマジック,5,B0,5,2026-06-07,2026-06-25 23:09:36
10:15,23,白雪姫と七人のこびと,15,B1,15,2026-06-07,2026-06-25 23:09:36
10:15,24,空飛ぶダンボ,0,B8,-,2026-06-07,2026-06-25 23:09:36
10:15,25,ガジェットのゴーコースター,25,B2,25,2026-06-07,2026-06-25 23:09:36
10:15,26,グーフィーのペイント&プレイハウス,15,B1,15,2026-06-07,2026-06-25 23:09:36
10:15,27,チップとデールのツリーハウス,5,B0,5,2026-06-07,2026-06-25 23:09:36
10:15,28,ドナルドのボート,5,B0,5,2026-06-07,2026-06-25 23:09:36
10:15,29,ミニーの家,5,B0,5,2026-06-07,2026-06-25 23:09:36
10:15,30,カートゥーンスピン,30,B2,30,2026-06-07,2026-06-25 23:09:36
10:15,31,スター・ツアーズ,15,B1,15,2026-06-07,2026-06-25 23:09:36
10:15,32,スペースマウンテン,0,B8,-,2026-06-07,2026-06-25 23:09:36
10:15,33,バズ・ライトイヤーのアストロブラスター,0,B8,-,2026-06-07,2026-06-25 23:09:36
10:15,34,モンスターズ・インク,90,B4,90,2026-06-07,2026-06-25 23:09:36
10:15,35,美女と野獣の物語,70,B4,70,2026-06-07,2026-06-25 23:09:36
10:15,36,ベイマックスのハッピーライド,100,B4,100,2026-06-07,2026-06-25 23:09:36
10:15,37,スティッチ・エンカウンター,10,B1,10,2026-06-07,2026-06-25 23:09:36
10:15,38,ハウス前グリーティング,50,B3,50,2026-06-07,2026-06-25 23:09:36
10:15,39,ドナルドグリーティング,50,B3,50,2026-06-07,2026-06-25 23:09:36
10:15,40,デイジーグリーティング,20,B2,20,2026-06-07,2026-06-25 23:09:36
10:15,41,ミニーグリーティング,40,B3,40,2026-06-07,2026-06-25 23:09:36
10:15,42,ミート・ミッキー,35,B3,35,2026-06-07,2026-06-25 23:09:36
10:45,1,オムニバス,10,B1,10,2026-06-07,2026-06-25 23:09:36
10:45,2,ウエスタンリバー鉄道,20,B2,20,2026-06-07,2026-06-25 23:09:36
10:45,3,カリブの海賊,0,B8,-,2026-06-07,2026-06-25 23:09:36
10:45,4,ジャングルクルーズ,20,B2,20,2026-06-07,2026-06-25 23:09:36
10:45,5,ツリーハウス,0,B8,-,2026-06-07,2026-06-25 23:09:36
10:45,6,魅惑のチキルーム,5,B0,5,2026-06-07,2026-06-25 23:09:36
10:45,7,ビッグサンダーマウンテン,0,B8,-,2026-06-07,2026-06-25 23:09:36
10:45,8,シューティングギャラリー,5,B0,5,2026-06-07,2026-06-25 23:09:36
10:45,9,カントリーベアシアター,5,B0,5,2026-06-07,2026-06-25 23:09:36
10:45,10,トムソーヤ島いかだ,0,B8,-,2026-06-07,2026-06-25 23:09:36
10:45,11,蒸気船マークトゥウェイン号,10,B1,10,2026-06-07,2026-06-25 23:09:36
10:45,12,スプラッシュマウンテン,80,B4,80,2026-06-07,2026-06-25 23:09:36
10:45,13,ビーバーブラザーズのカヌー探検,0,B8,-,2026-06-07,2026-06-25 23:09:36
10:45,14,イッツ・ア・スモールワールド,15,B1,15,2026-06-07,2026-06-25 23:09:36
10:45,15,プーさんのハニーハント,60,B3,60,2026-06-07,2026-06-25 23:09:36
10:45,16,ホーンテッドマンション,15,B1,15,2026-06-07,2026-06-25 23:09:36
10:45,17,アリスのティーパーティー,10,B1,10,2026-06-07,2026-06-25 23:09:36
10:45,18,キャッスルカルーセル,10,B1,10,2026-06-07,2026-06-25 23:09:36
10:45,19,シンデレラのフェアリーテイル・ホール,5,B0,5,2026-06-07,2026-06-25 23:09:36
10:45,20,ピノキオの冒険旅行,10,B1,10,2026-06-07,2026-06-25 23:09:36
10:45,21,ピーターパン空の旅,30,B2,30,2026-06-07,2026-06-25 23:09:36
10:45,22,ミッキーのフィルハーマジック,5,B0,5,2026-06-07,2026-06-25 23:09:36
10:45,23,白雪姫と七人のこびと,15,B1,15,2026-06-07,2026-06-25 23:09:36
10:45,24,空飛ぶダンボ,0,B8,-,2026-06-07,2026-06-25 23:09:36
10:45,25,ガジェットのゴーコースター,25,B2,25,2026-06-07,2026-06-25 23:09:36
10:45,26,グーフィーのペイント&プレイハウス,10,B1,10,2026-06-07,2026-06-25 23:09:36
10:45,27,チップとデールのツリーハウス,5,B0,5,2026-06-07,2026-06-25 23:09:36
10:45,28,ドナルドのボート,5,B0,5,2026-06-07,2026-06-25 23:09:36
10:45,29,ミニーの家,5,B0,5,2026-06-07,2026-06-25 23:09:36
10:45,30,カートゥーンスピン,25,B2,25,2026-06-07,2026-06-25 23:09:36
10:45,31,スター・ツアーズ,10,B1,10,2026-06-07,2026-06-25 23:09:36
10:45,32,スペースマウンテン,0,B8,-,2026-06-07,2026-06-25 23:09:36
10:45,33,バズ・ライトイヤーのアストロブラスター,0,B8,-,2026-06-07,2026-06-25 23:09:36
10:45,34,モンスターズ・インク,80,B4,80,2026-06-07,2026-06-25 23:09:36
10:45,35,美女と野獣の物語,100,B4,100,2026-06-07,2026-06-25 23:09:36
10:45,36,ベイマックスのハッピーライド,90,B4,90,2026-06-07,2026-06-25 23:09:36
10:45,37,スティッチ・エンカウンター,10,B1,10,2026-06-07,2026-06-25 23:09:36
10:45,38,ハウス前グリーティング,50,B3,50,2026-06-07,2026-06-25 23:09:36
10:45,39,ドナルドグリーティング,40,B3,40,2026-06-07,2026-06-25 23:09:36
10:45,40,デイジーグリーティング,20,B2,20,2026-06-07,2026-06-25 23:09:36
10:45,41,ミニーグリーティング,40,B3,40,2026-06-07,2026-06-25 23:09:36
10:45,42,ミート・ミッキー,40,B3,40,2026-06-07,2026-06-25 23:09:36
11:15,1,オムニバス,10,B1,10,2026-06-07,2026-06-25 23:09:36
11:15,2,ウエスタンリバー鉄道,15,B1,15,2026-06-07,2026-06-25 23:09:36
11:15,3,カリブの海賊,0,B8,-,2026-06-07,2026-06-25 23:09:36
11:15,4,ジャングルクルーズ,20,B2,20,2026-06-07,2026-06-25 23:09:36
11:15,5,ツリーハウス,0,B8,-,2026-06-07,2026-06-25 23:09:36
11:15,6,魅惑のチキルーム,5,B0,5,2026-06-07,2026-06-25 23:09:36
11:15,7,ビッグサンダーマウンテン,0,B8,-,2026-06-07,2026-06-25 23:09:36
11:15,8,シューティングギャラリー,5,B0,5,2026-06-07,2026-06-25 23:09:36
11:15,9,カントリーベアシアター,5,B0,5,2026-06-07,2026-06-25 23:09:36
11:15,10,トムソーヤ島いかだ,5,B0,5,2026-06-07,2026-06-25 23:09:36
11:15,11,蒸気船マークトゥウェイン号,10,B1,10,2026-06-07,2026-06-25 23:09:36
11:15,12,スプラッシュマウンテン,50,B3,50,2026-06-07,2026-06-25 23:09:36
11:15,13,ビーバーブラザーズのカヌー探検,15,B1,15,2026-06-07,2026-06-25 23:09:36
11:15,14,イッツ・ア・スモールワールド,15,B1,15,2026-06-07,2026-06-25 23:09:36
11:15,15,プーさんのハニーハント,60,B3,60,2026-06-07,2026-06-25 23:09:36
11:15,16,ホーンテッドマンション,15,B1,15,2026-06-07,2026-06-25 23:09:36
11:15,17,アリスのティーパーティー,5,B0,5,2026-06-07,2026-06-25 23:09:36
11:15,18,キャッスルカルーセル,15,B1,15,2026-06-07,2026-06-25 23:09:36
11:15,19,シンデレラのフェアリーテイル・ホール,5,B0,5,2026-06-07,2026-06-25 23:09:36
11:15,20,ピノキオの冒険旅行,5,B0,5,2026-06-07,2026-06-25 23:09:36
11:15,21,ピーターパン空の旅,30,B2,30,2026-06-07,2026-06-25 23:09:36
11:15,22,ミッキーのフィルハーマジック,5,B0,5,2026-06-07,2026-06-25 23:09:36
11:15,23,白雪姫と七人のこびと,15,B1,15,2026-06-07,2026-06-25 23:09:36
11:15,24,空飛ぶダンボ,0,B8,-,2026-06-07,2026-06-25 23:09:36
11:15,25,ガジェットのゴーコースター,25,B2,25,2026-06-07,2026-06-25 23:09:36
11:15,26,グーフィーのペイント&プレイハウス,5,B0,5,2026-06-07,2026-06-25 23:09:36
11:15,27,チップとデールのツリーハウス,5,B0,5,2026-06-07,2026-06-25 23:09:36
11:15,28,ドナルドのボート,5,B0,5,2026-06-07,2026-06-25 23:09:36
11:15,29,ミニーの家,5,B0,5,2026-06-07,2026-06-25 23:09:36
11:15,30,カートゥーンスピン,25,B2,25,2026-06-07,2026-06-25 23:09:36
11:15,31,スター・ツアーズ,5,B0,5,2026-06-07,2026-06-25 23:09:36
11:15,32,スペースマウンテン,0,B8,-,2026-06-07,2026-06-25 23:09:36
11:15,33,バズ・ライトイヤーのアストロブラスター,0,B8,-,2026-06-07,2026-06-25 23:09:36
11:15,34,モンスターズ・インク,60,B3,60,2026-06-07,2026-06-25 23:09:36
11:15,35,美女と野獣の物語,80,B4,80,2026-06-07,2026-06-25 23:09:36
11:15,36,ベイマックスのハッピーライド,60,B3,60,2026-06-07,2026-06-25 23:09:36
11:15,37,スティッチ・エンカウンター,10,B1,10,2026-06-07,2026-06-25 23:09:36
11:15,38,ハウス前グリーティング,40,B3,40,2026-06-07,2026-06-25 23:09:36
11:15,39,ドナルドグリーティング,35,B3,35,2026-06-07,2026-06-25 23:09:36
11:15,40,デイジーグリーティング,20,B2,20,2026-06-07,2026-06-25 23:09:36
11:15,41,ミニーグリーティング,35,B3,35,2026-06-07,2026-06-25 23:09:36
11:15,42,ミート・ミッキー,30,B2,30,2026-06-07,2026-06-25 23:09:36
11:45,1,オムニバス,10,B1,10,2026-06-07,2026-06-25 23:09:36
11:45,2,ウエスタンリバー鉄道,15,B1,15,2026-06-07,2026-06-25 23:09:36
11:45,3,カリブの海賊,0,B8,-,2026-06-07,2026-06-25 23:09:36
11:45,4,ジャングルクルーズ,20,B2,20,2026-06-07,2026-06-25 23:09:36
11:45,5,ツリーハウス,0,B8,-,2026-06-07,2026-06-25 23:09:36
11:45,6,魅惑のチキルーム,10,B1,10,2026-06-07,2026-06-25 23:09:36
11:45,7,ビッグサンダーマウンテン,0,B8,-,2026-06-07,2026-06-25 23:09:36
11:45,8,シューティングギャラリー,5,B0,5,2026-06-07,2026-06-25 23:09:36
11:45,9,カントリーベアシアター,15,B1,15,2026-06-07,2026-06-25 23:09:36
11:45,10,トムソーヤ島いかだ,5,B0,5,2026-06-07,2026-06-25 23:09:36
11:45,11,蒸気船マークトゥウェイン号,10,B1,10,2026-06-07,2026-06-25 23:09:36
11:45,12,スプラッシュマウンテン,50,B3,50,2026-06-07,2026-06-25 23:09:36
11:45,13,ビーバーブラザーズのカヌー探検,35,B3,35,2026-06-07,2026-06-25 23:09:36
11:45,14,イッツ・ア・スモールワールド,10,B1,10,2026-06-07,2026-06-25 23:09:36
11:45,15,プーさんのハニーハント,60,B3,60,2026-06-07,2026-06-25 23:09:36
11:45,16,ホーンテッドマンション,20,B2,20,2026-06-07,2026-06-25 23:09:36
11:45,17,アリスのティーパーティー,5,B0,5,2026-06-07,2026-06-25 23:09:36
11:45,18,キャッスルカルーセル,15,B1,15,2026-06-07,2026-06-25 23:09:36
11:45,19,シンデレラのフェアリーテイル・ホール,5,B0,5,2026-06-07,2026-06-25 23:09:36
11:45,20,ピノキオの冒険旅行,10,B1,10,2026-06-07,2026-06-25 23:09:36
11:45,21,ピーターパン空の旅,30,B2,30,2026-06-07,2026-06-25 23:09:36
11:45,22,ミッキーのフィルハーマジック,5,B0,5,2026-06-07,2026-06-25 23:09:36
11:45,23,白雪姫と七人のこびと,15,B1,15,2026-06-07,2026-06-25 23:09:36
11:45,24,空飛ぶダンボ,0,B8,-,2026-06-07,2026-06-25 23:09:36
11:45,25,ガジェットのゴーコースター,20,B2,20,2026-06-07,2026-06-25 23:09:36
11:45,26,グーフィーのペイント&プレイハウス,10,B1,10,2026-06-07,2026-06-25 23:09:36
11:45,27,チップとデールのツリーハウス,5,B0,5,2026-06-07,2026-06-25 23:09:36
11:45,28,ドナルドのボート,5,B0,5,2026-06-07,2026-06-25 23:09:36
11:45,29,ミニーの家,5,B0,5,2026-06-07,2026-06-25 23:09:36
11:45,30,カートゥーンスピン,25,B2,25,2026-06-07,2026-06-25 23:09:36
11:45,31,スター・ツアーズ,5,B0,5,2026-06-07,2026-06-25 23:09:36
11:45,32,スペースマウンテン,0,B8,-,2026-06-07,2026-06-25 23:09:36
11:45,33,バズ・ライトイヤーのアストロブラスター,0,B8,-,2026-06-07,2026-06-25 23:09:36
11:45,34,モンスターズ・インク,50,B3,50,2026-06-07,2026-06-25 23:09:36
11:45,35,美女と野獣の物語,70,B4,70,2026-06-07,2026-06-25 23:09:36
11:45,36,ベイマックスのハッピーライド,80,B4,80,2026-06-07,2026-06-25 23:09:36
11:45,37,スティッチ・エンカウンター,10,B1,10,2026-06-07,2026-06-25 23:09:36
11:45,38,ハウス前グリーティング,45,B3,45,2026-06-07,2026-06-25 23:09:36
11:45,39,ドナルドグリーティング,35,B3,35,2026-06-07,2026-06-25 23:09:36
11:45,40,デイジーグリーティング,15,B1,15,2026-06-07,2026-06-25 23:09:36
11:45,41,ミニーグリーティング,55,B3,55,2026-06-07,2026-06-25 23:09:36
11:45,42,ミート・ミッキー,70,B4,70,2026-06-07,2026-06-25 23:09:36
12:15,1,オムニバス,10,B1,10,2026-06-07,2026-06-25 23:09:36
12:15,2,ウエスタンリバー鉄道,20,B2,20,2026-06-07,2026-06-25 23:09:36
12:15,3,カリブの海賊,0,B8,-,2026-06-07,2026-06-25 23:09:36
12:15,4,ジャングルクルーズ,5,B0,5,2026-06-07,2026-06-25 23:09:36
12:15,5,ツリーハウス,0,B8,-,2026-06-07,2026-06-25 23:09:36
12:15,6,魅惑のチキルーム,10,B1,10,2026-06-07,2026-06-25 23:09:36
12:15,7,ビッグサンダーマウンテン,0,B8,-,2026-06-07,2026-06-25 23:09:36
12:15,8,シューティングギャラリー,10,B1,10,2026-06-07,2026-06-25 23:09:36
12:15,9,カントリーベアシアター,15,B1,15,2026-06-07,2026-06-25 23:09:36
12:15,10,トムソーヤ島いかだ,5,B0,5,2026-06-07,2026-06-25 23:09:36
12:15,11,蒸気船マークトゥウェイン号,10,B1,10,2026-06-07,2026-06-25 23:09:36
12:15,12,スプラッシュマウンテン,40,B3,40,2026-06-07,2026-06-25 23:09:36
12:15,13,ビーバーブラザーズのカヌー探検,20,B2,20,2026-06-07,2026-06-25 23:09:36
12:15,14,イッツ・ア・スモールワールド,10,B1,10,2026-06-07,2026-06-25 23:09:36
12:15,15,プーさんのハニーハント,60,B3,60,2026-06-07,2026-06-25 23:09:36
12:15,16,ホーンテッドマンション,20,B2,20,2026-06-07,2026-06-25 23:09:36
12:15,17,アリスのティーパーティー,10,B1,10,2026-06-07,2026-06-25 23:09:36
12:15,18,キャッスルカルーセル,15,B1,15,2026-06-07,2026-06-25 23:09:36
12:15,19,シンデレラのフェアリーテイル・ホール,5,B0,5,2026-06-07,2026-06-25 23:09:36
12:15,20,ピノキオの冒険旅行,10,B1,10,2026-06-07,2026-06-25 23:09:36
12:15,21,ピーターパン空の旅,25,B2,25,2026-06-07,2026-06-25 23:09:36
12:15,22,ミッキーのフィルハーマジック,5,B0,5,2026-06-07,2026-06-25 23:09:36
12:15,23,白雪姫と七人のこびと,10,B1,10,2026-06-07,2026-06-25 23:09:36
12:15,24,空飛ぶダンボ,0,B8,-,2026-06-07,2026-06-25 23:09:36
12:15,25,ガジェットのゴーコースター,20,B2,20,2026-06-07,2026-06-25 23:09:36
12:15,26,グーフィーのペイント&プレイハウス,10,B1,10,2026-06-07,2026-06-25 23:09:36
12:15,27,チップとデールのツリーハウス,5,B0,5,2026-06-07,2026-06-25 23:09:36
12:15,28,ドナルドのボート,5,B0,5,2026-06-07,2026-06-25 23:09:36
12:15,29,ミニーの家,5,B0,5,2026-06-07,2026-06-25 23:09:36
12:15,30,カートゥーンスピン,25,B2,25,2026-06-07,2026-06-25 23:09:36
12:15,31,スター・ツアーズ,5,B0,5,2026-06-07,2026-06-25 23:09:36
12:15,32,スペースマウンテン,0,B8,-,2026-06-07,2026-06-25 23:09:36
12:15,33,バズ・ライトイヤーのアストロブラスター,0,B8,-,2026-06-07,2026-06-25 23:09:36
12:15,34,モンスターズ・インク,50,B3,50,2026-06-07,2026-06-25 23:09:36
12:15,35,美女と野獣の物語,70,B4,70,2026-06-07,2026-06-25 23:09:36
12:15,36,ベイマックスのハッピーライド,60,B3,60,2026-06-07,2026-06-25 23:09:36
12:15,37,スティッチ・エンカウンター,10,B1,10,2026-06-07,2026-06-25 23:09:36
12:15,38,ハウス前グリーティング,45,B3,45,2026-06-07,2026-06-25 23:09:36
12:15,39,ドナルドグリーティング,25,B2,25,2026-06-07,2026-06-25 23:09:36
12:15,40,デイジーグリーティング,20,B2,20,2026-06-07,2026-06-25 23:09:36
12:15,41,ミニーグリーティング,40,B3,40,2026-06-07,2026-06-25 23:09:36
12:15,42,ミート・ミッキー,35,B3,35,2026-06-07,2026-06-25 23:09:36
12:45,1,オムニバス,0,B8,-,2026-06-07,2026-06-25 23:09:36
12:45,2,ウエスタンリバー鉄道,10,B1,10,2026-06-07,2026-06-25 23:09:36
12:45,3,カリブの海賊,0,B8,-,2026-06-07,2026-06-25 23:09:36
12:45,4,ジャングルクルーズ,10,B1,10,2026-06-07,2026-06-25 23:09:36
12:45,5,ツリーハウス,0,B8,-,2026-06-07,2026-06-25 23:09:36
12:45,6,魅惑のチキルーム,10,B1,10,2026-06-07,2026-06-25 23:09:36
12:45,7,ビッグサンダーマウンテン,0,B8,-,2026-06-07,2026-06-25 23:09:36
12:45,8,シューティングギャラリー,5,B0,5,2026-06-07,2026-06-25 23:09:36
12:45,9,カントリーベアシアター,15,B1,15,2026-06-07,2026-06-25 23:09:36
12:45,10,トムソーヤ島いかだ,5,B0,5,2026-06-07,2026-06-25 23:09:36
12:45,11,蒸気船マークトゥウェイン号,10,B1,10,2026-06-07,2026-06-25 23:09:36
12:45,12,スプラッシュマウンテン,50,B3,50,2026-06-07,2026-06-25 23:09:36
12:45,13,ビーバーブラザーズのカヌー探検,20,B2,20,2026-06-07,2026-06-25 23:09:36
12:45,14,イッツ・ア・スモールワールド,5,B0,5,2026-06-07,2026-06-25 23:09:36
12:45,15,プーさんのハニーハント,60,B3,60,2026-06-07,2026-06-25 23:09:36
12:45,16,ホーンテッドマンション,30,B2,30,2026-06-07,2026-06-25 23:09:36
12:45,17,アリスのティーパーティー,5,B0,5,2026-06-07,2026-06-25 23:09:36
12:45,18,キャッスルカルーセル,10,B1,10,2026-06-07,2026-06-25 23:09:36
12:45,19,シンデレラのフェアリーテイル・ホール,5,B0,5,2026-06-07,2026-06-25 23:09:36
12:45,20,ピノキオの冒険旅行,5,B0,5,2026-06-07,2026-06-25 23:09:36
12:45,21,ピーターパン空の旅,20,B2,20,2026-06-07,2026-06-25 23:09:36
12:45,22,ミッキーのフィルハーマジック,5,B0,5,2026-06-07,2026-06-25 23:09:36
12:45,23,白雪姫と七人のこびと,10,B1,10,2026-06-07,2026-06-25 23:09:36
12:45,24,空飛ぶダンボ,0,B8,-,2026-06-07,2026-06-25 23:09:36
12:45,25,ガジェットのゴーコースター,20,B2,20,2026-06-07,2026-06-25 23:09:36
12:45,26,グーフィーのペイント&プレイハウス,10,B1,10,2026-06-07,2026-06-25 23:09:36
12:45,27,チップとデールのツリーハウス,5,B0,5,2026-06-07,2026-06-25 23:09:36
12:45,28,ドナルドのボート,5,B0,5,2026-06-07,2026-06-25 23:09:36
12:45,29,ミニーの家,5,B0,5,2026-06-07,2026-06-25 23:09:36
12:45,30,カートゥーンスピン,15,B1,15,2026-06-07,2026-06-25 23:09:36
12:45,31,スター・ツアーズ,5,B0,5,2026-06-07,2026-06-25 23:09:36
12:45,32,スペースマウンテン,0,B8,-,2026-06-07,2026-06-25 23:09:36
12:45,33,バズ・ライトイヤーのアストロブラスター,0,B8,-,2026-06-07,2026-06-25 23:09:36
12:45,34,モンスターズ・インク,30,B2,30,2026-06-07,2026-06-25 23:09:36
12:45,35,美女と野獣の物語,70,B4,70,2026-06-07,2026-06-25 23:09:36
12:45,36,ベイマックスのハッピーライド,70,B4,70,2026-06-07,2026-06-25 23:09:36
12:45,37,スティッチ・エンカウンター,10,B1,10,2026-06-07,2026-06-25 23:09:36
12:45,38,ハウス前グリーティング,0,B8,-,2026-06-07,2026-06-25 23:09:36
12:45,39,ドナルドグリーティング,25,B2,25,2026-06-07,2026-06-25 23:09:36
12:45,40,デイジーグリーティング,10,B1,10,2026-06-07,2026-06-25 23:09:36
12:45,41,ミニーグリーティング,30,B2,30,2026-06-07,2026-06-25 23:09:36
12:45,42,ミート・ミッキー,30,B2,30,2026-06-07,2026-06-25 23:09:36
13:15,1,オムニバス,0,B8,-,2026-06-07,2026-06-25 23:09:36
13:15,2,ウエスタンリバー鉄道,5,B0,5,2026-06-07,2026-06-25 23:09:36
13:15,3,カリブの海賊,0,B8,-,2026-06-07,2026-06-25 23:09:36
13:15,4,ジャングルクルーズ,10,B1,10,2026-06-07,2026-06-25 23:09:36
13:15,5,ツリーハウス,0,B8,-,2026-06-07,2026-06-25 23:09:36
13:15,6,魅惑のチキルーム,10,B1,10,2026-06-07,2026-06-25 23:09:36
13:15,7,ビッグサンダーマウンテン,0,B8,-,2026-06-07,2026-06-25 23:09:36
13:15,8,シューティングギャラリー,5,B0,5,2026-06-07,2026-06-25 23:09:36
13:15,9,カントリーベアシアター,15,B1,15,2026-06-07,2026-06-25 23:09:36
13:15,10,トムソーヤ島いかだ,5,B0,5,2026-06-07,2026-06-25 23:09:36
13:15,11,蒸気船マークトゥウェイン号,10,B1,10,2026-06-07,2026-06-25 23:09:36
13:15,12,スプラッシュマウンテン,50,B3,50,2026-06-07,2026-06-25 23:09:36
13:15,13,ビーバーブラザーズのカヌー探検,20,B2,20,2026-06-07,2026-06-25 23:09:36
13:15,14,イッツ・ア・スモールワールド,5,B0,5,2026-06-07,2026-06-25 23:09:36
13:15,15,プーさんのハニーハント,60,B3,60,2026-06-07,2026-06-25 23:09:36
13:15,16,ホーンテッドマンション,13,B1,13,2026-06-07,2026-06-25 23:09:36
13:15,17,アリスのティーパーティー,5,B0,5,2026-06-07,2026-06-25 23:09:36
13:15,18,キャッスルカルーセル,10,B1,10,2026-06-07,2026-06-25 23:09:36
13:15,19,シンデレラのフェアリーテイル・ホール,5,B0,5,2026-06-07,2026-06-25 23:09:36
13:15,20,ピノキオの冒険旅行,5,B0,5,2026-06-07,2026-06-25 23:09:36
13:15,21,ピーターパン空の旅,20,B2,20,2026-06-07,2026-06-25 23:09:36
13:15,22,ミッキーのフィルハーマジック,5,B0,5,2026-06-07,2026-06-25 23:09:36
13:15,23,白雪姫と七人のこびと,10,B1,10,2026-06-07,2026-06-25 23:09:36
13:15,24,空飛ぶダンボ,0,B8,-,2026-06-07,2026-06-25 23:09:36
13:15,25,ガジェットのゴーコースター,15,B1,15,2026-06-07,2026-06-25 23:09:36
13:15,26,グーフィーのペイント&プレイハウス,5,B0,5,2026-06-07,2026-06-25 23:09:36
13:15,27,チップとデールのツリーハウス,5,B0,5,2026-06-07,2026-06-25 23:09:36
13:15,28,ドナルドのボート,5,B0,5,2026-06-07,2026-06-25 23:09:36
13:15,29,ミニーの家,5,B0,5,2026-06-07,2026-06-25 23:09:36
13:15,30,カートゥーンスピン,20,B2,20,2026-06-07,2026-06-25 23:09:36
13:15,31,スター・ツアーズ,5,B0,5,2026-06-07,2026-06-25 23:09:36
13:15,32,スペースマウンテン,0,B8,-,2026-06-07,2026-06-25 23:09:36
13:15,33,バズ・ライトイヤーのアストロブラスター,0,B8,-,2026-06-07,2026-06-25 23:09:36
13:15,34,モンスターズ・インク,40,B3,40,2026-06-07,2026-06-25 23:09:36
13:15,35,美女と野獣の物語,80,B4,80,2026-06-07,2026-06-25 23:09:36
13:15,36,ベイマックスのハッピーライド,70,B4,70,2026-06-07,2026-06-25 23:09:36
13:15,37,スティッチ・エンカウンター,10,B1,10,2026-06-07,2026-06-25 23:09:36
13:15,38,ハウス前グリーティング,0,B8,-,2026-06-07,2026-06-25 23:09:36
13:15,39,ドナルドグリーティング,20,B2,20,2026-06-07,2026-06-25 23:09:36
13:15,40,デイジーグリーティング,20,B2,20,2026-06-07,2026-06-25 23:09:36
13:15,41,ミニーグリーティング,30,B2,30,2026-06-07,2026-06-25 23:09:36
13:15,42,ミート・ミッキー,25,B2,25,2026-06-07,2026-06-25 23:09:36
13:45,1,オムニバス,10,B1,10,2026-06-07,2026-06-25 23:09:36
13:45,2,ウエスタンリバー鉄道,15,B1,15,2026-06-07,2026-06-25 23:09:36
13:45,3,カリブの海賊,0,B8,-,2026-06-07,2026-06-25 23:09:36
13:45,4,ジャングルクルーズ,20,B2,20,2026-06-07,2026-06-25 23:09:36
13:45,5,ツリーハウス,0,B8,-,2026-06-07,2026-06-25 23:09:36
13:45,6,魅惑のチキルーム,10,B1,10,2026-06-07,2026-06-25 23:09:36
13:45,7,ビッグサンダーマウンテン,0,B8,-,2026-06-07,2026-06-25 23:09:36
13:45,8,シューティングギャラリー,15,B1,15,2026-06-07,2026-06-25 23:09:36
13:45,9,カントリーベアシアター,15,B1,15,2026-06-07,2026-06-25 23:09:36
13:45,10,トムソーヤ島いかだ,5,B0,5,2026-06-07,2026-06-25 23:09:36
13:45,11,蒸気船マークトゥウェイン号,10,B1,10,2026-06-07,2026-06-25 23:09:36
13:45,12,スプラッシュマウンテン,50,B3,50,2026-06-07,2026-06-25 23:09:36
13:45,13,ビーバーブラザーズのカヌー探検,20,B2,20,2026-06-07,2026-06-25 23:09:36
13:45,14,イッツ・ア・スモールワールド,10,B1,10,2026-06-07,2026-06-25 23:09:36
13:45,15,プーさんのハニーハント,60,B3,60,2026-06-07,2026-06-25 23:09:36
13:45,16,ホーンテッドマンション,25,B2,25,2026-06-07,2026-06-25 23:09:36
13:45,17,アリスのティーパーティー,5,B0,5,2026-06-07,2026-06-25 23:09:36
13:45,18,キャッスルカルーセル,10,B1,10,2026-06-07,2026-06-25 23:09:36
13:45,19,シンデレラのフェアリーテイル・ホール,10,B1,10,2026-06-07,2026-06-25 23:09:36
13:45,20,ピノキオの冒険旅行,5,B0,5,2026-06-07,2026-06-25 23:09:36
13:45,21,ピーターパン空の旅,30,B2,30,2026-06-07,2026-06-25 23:09:36
13:45,22,ミッキーのフィルハーマジック,5,B0,5,2026-06-07,2026-06-25 23:09:36
13:45,23,白雪姫と七人のこびと,15,B1,15,2026-06-07,2026-06-25 23:09:36
13:45,24,空飛ぶダンボ,0,B8,-,2026-06-07,2026-06-25 23:09:36
13:45,25,ガジェットのゴーコースター,20,B2,20,2026-06-07,2026-06-25 23:09:36
13:45,26,グーフィーのペイント&プレイハウス,5,B0,5,2026-06-07,2026-06-25 23:09:36
13:45,27,チップとデールのツリーハウス,5,B0,5,2026-06-07,2026-06-25 23:09:36
13:45,28,ドナルドのボート,5,B0,5,2026-06-07,2026-06-25 23:09:36
13:45,29,ミニーの家,5,B0,5,2026-06-07,2026-06-25 23:09:36
13:45,30,カートゥーンスピン,20,B2,20,2026-06-07,2026-06-25 23:09:36
13:45,31,スター・ツアーズ,5,B0,5,2026-06-07,2026-06-25 23:09:36
13:45,32,スペースマウンテン,0,B8,-,2026-06-07,2026-06-25 23:09:36
13:45,33,バズ・ライトイヤーのアストロブラスター,0,B8,-,2026-06-07,2026-06-25 23:09:36
13:45,34,モンスターズ・インク,60,B3,60,2026-06-07,2026-06-25 23:09:36
13:45,35,美女と野獣の物語,60,B3,60,2026-06-07,2026-06-25 23:09:36
13:45,36,ベイマックスのハッピーライド,60,B3,60,2026-06-07,2026-06-25 23:09:36
13:45,37,スティッチ・エンカウンター,10,B1,10,2026-06-07,2026-06-25 23:09:36
13:45,38,ハウス前グリーティング,0,B8,-,2026-06-07,2026-06-25 23:09:36
13:45,39,ドナルドグリーティング,40,B3,40,2026-06-07,2026-06-25 23:09:36
13:45,40,デイジーグリーティング,30,B2,30,2026-06-07,2026-06-25 23:09:36
13:45,41,ミニーグリーティング,35,B3,35,2026-06-07,2026-06-25 23:09:36
13:45,42,ミート・ミッキー,40,B3,40,2026-06-07,2026-06-25 23:09:36
14:15,1,オムニバス,10,B1,10,2026-06-07,2026-06-25 23:09:36
14:15,2,ウエスタンリバー鉄道,10,B1,10,2026-06-07,2026-06-25 23:09:36
14:15,3,カリブの海賊,0,B8,-,2026-06-07,2026-06-25 23:09:36
14:15,4,ジャングルクルーズ,20,B2,20,2026-06-07,2026-06-25 23:09:36
14:15,5,ツリーハウス,0,B8,-,2026-06-07,2026-06-25 23:09:36
14:15,6,魅惑のチキルーム,10,B1,10,2026-06-07,2026-06-25 23:09:36
14:15,7,ビッグサンダーマウンテン,0,B8,-,2026-06-07,2026-06-25 23:09:36
14:15,8,シューティングギャラリー,5,B0,5,2026-06-07,2026-06-25 23:09:36
14:15,9,カントリーベアシアター,15,B1,15,2026-06-07,2026-06-25 23:09:36
14:15,10,トムソーヤ島いかだ,5,B0,5,2026-06-07,2026-06-25 23:09:36
14:15,11,蒸気船マークトゥウェイン号,10,B1,10,2026-06-07,2026-06-25 23:09:36
14:15,12,スプラッシュマウンテン,60,B3,60,2026-06-07,2026-06-25 23:09:36
14:15,13,ビーバーブラザーズのカヌー探検,30,B2,30,2026-06-07,2026-06-25 23:09:36
14:15,14,イッツ・ア・スモールワールド,10,B1,10,2026-06-07,2026-06-25 23:09:36
14:15,15,プーさんのハニーハント,50,B3,50,2026-06-07,2026-06-25 23:09:36
14:15,16,ホーンテッドマンション,30,B2,30,2026-06-07,2026-06-25 23:09:36
14:15,17,アリスのティーパーティー,5,B0,5,2026-06-07,2026-06-25 23:09:36
14:15,18,キャッスルカルーセル,10,B1,10,2026-06-07,2026-06-25 23:09:36
14:15,19,シンデレラのフェアリーテイル・ホール,10,B1,10,2026-06-07,2026-06-25 23:09:36
14:15,20,ピノキオの冒険旅行,5,B0,5,2026-06-07,2026-06-25 23:09:36
14:15,21,ピーターパン空の旅,30,B2,30,2026-06-07,2026-06-25 23:09:36
14:15,22,ミッキーのフィルハーマジック,5,B0,5,2026-06-07,2026-06-25 23:09:36
14:15,23,白雪姫と七人のこびと,20,B2,20,2026-06-07,2026-06-25 23:09:36
14:15,24,空飛ぶダンボ,0,B8,-,2026-06-07,2026-06-25 23:09:36
14:15,25,ガジェットのゴーコースター,20,B2,20,2026-06-07,2026-06-25 23:09:36
14:15,26,グーフィーのペイント&プレイハウス,10,B1,10,2026-06-07,2026-06-25 23:09:36
14:15,27,チップとデールのツリーハウス,5,B0,5,2026-06-07,2026-06-25 23:09:36
14:15,28,ドナルドのボート,5,B0,5,2026-06-07,2026-06-25 23:09:36
14:15,29,ミニーの家,5,B0,5,2026-06-07,2026-06-25 23:09:36
14:15,30,カートゥーンスピン,25,B2,25,2026-06-07,2026-06-25 23:09:36
14:15,31,スター・ツアーズ,5,B0,5,2026-06-07,2026-06-25 23:09:36
14:15,32,スペースマウンテン,0,B8,-,2026-06-07,2026-06-25 23:09:36
14:15,33,バズ・ライトイヤーのアストロブラスター,0,B8,-,2026-06-07,2026-06-25 23:09:36
14:15,34,モンスターズ・インク,50,B3,50,2026-06-07,2026-06-25 23:09:36
14:15,35,美女と野獣の物語,70,B4,70,2026-06-07,2026-06-25 23:09:36
14:15,36,ベイマックスのハッピーライド,70,B4,70,2026-06-07,2026-06-25 23:09:36
14:15,37,スティッチ・エンカウンター,10,B1,10,2026-06-07,2026-06-25 23:09:36
14:15,38,ハウス前グリーティング,0,B8,-,2026-06-07,2026-06-25 23:09:36
14:15,39,ドナルドグリーティング,35,B3,35,2026-06-07,2026-06-25 23:09:36
14:15,40,デイジーグリーティング,20,B2,20,2026-06-07,2026-06-25 23:09:36
14:15,41,ミニーグリーティング,35,B3,35,2026-06-07,2026-06-25 23:09:36
14:15,42,ミート・ミッキー,45,B3,45,2026-06-07,2026-06-25 23:09:36
14:45,1,オムニバス,10,B1,10,2026-06-07,2026-06-25 23:09:36
14:45,2,ウエスタンリバー鉄道,20,B2,20,2026-06-07,2026-06-25 23:09:36
14:45,3,カリブの海賊,0,B8,-,2026-06-07,2026-06-25 23:09:36
14:45,4,ジャングルクルーズ,30,B2,30,2026-06-07,2026-06-25 23:09:36
14:45,5,ツリーハウス,0,B8,-,2026-06-07,2026-06-25 23:09:36
14:45,6,魅惑のチキルーム,10,B1,10,2026-06-07,2026-06-25 23:09:36
14:45,7,ビッグサンダーマウンテン,0,B8,-,2026-06-07,2026-06-25 23:09:36
14:45,8,シューティングギャラリー,10,B1,10,2026-06-07,2026-06-25 23:09:36
14:45,9,カントリーベアシアター,15,B1,15,2026-06-07,2026-06-25 23:09:36
14:45,10,トムソーヤ島いかだ,5,B0,5,2026-06-07,2026-06-25 23:09:36
14:45,11,蒸気船マークトゥウェイン号,10,B1,10,2026-06-07,2026-06-25 23:09:36
14:45,12,スプラッシュマウンテン,50,B3,50,2026-06-07,2026-06-25 23:09:36
14:45,13,ビーバーブラザーズのカヌー探検,30,B2,30,2026-06-07,2026-06-25 23:09:36
14:45,14,イッツ・ア・スモールワールド,10,B1,10,2026-06-07,2026-06-25 23:09:36
14:45,15,プーさんのハニーハント,60,B3,60,2026-06-07,2026-06-25 23:09:36
14:45,16,ホーンテッドマンション,30,B2,30,2026-06-07,2026-06-25 23:09:36
14:45,17,アリスのティーパーティー,5,B0,5,2026-06-07,2026-06-25 23:09:36
14:45,18,キャッスルカルーセル,15,B1,15,2026-06-07,2026-06-25 23:09:36
14:45,19,シンデレラのフェアリーテイル・ホール,15,B1,15,2026-06-07,2026-06-25 23:09:36
14:45,20,ピノキオの冒険旅行,10,B1,10,2026-06-07,2026-06-25 23:09:36
14:45,21,ピーターパン空の旅,30,B2,30,2026-06-07,2026-06-25 23:09:36
14:45,22,ミッキーのフィルハーマジック,5,B0,5,2026-06-07,2026-06-25 23:09:36
14:45,23,白雪姫と七人のこびと,15,B1,15,2026-06-07,2026-06-25 23:09:36
14:45,24,空飛ぶダンボ,0,B8,-,2026-06-07,2026-06-25 23:09:36
14:45,25,ガジェットのゴーコースター,30,B2,30,2026-06-07,2026-06-25 23:09:36
14:45,26,グーフィーのペイント&プレイハウス,10,B1,10,2026-06-07,2026-06-25 23:09:36
14:45,27,チップとデールのツリーハウス,5,B0,5,2026-06-07,2026-06-25 23:09:36
14:45,28,ドナルドのボート,5,B0,5,2026-06-07,2026-06-25 23:09:36
14:45,29,ミニーの家,5,B0,5,2026-06-07,2026-06-25 23:09:36
14:45,30,カートゥーンスピン,25,B2,25,2026-06-07,2026-06-25 23:09:36
14:45,31,スター・ツアーズ,5,B0,5,2026-06-07,2026-06-25 23:09:36
14:45,32,スペースマウンテン,0,B8,-,2026-06-07,2026-06-25 23:09:36
14:45,33,バズ・ライトイヤーのアストロブラスター,0,B8,-,2026-06-07,2026-06-25 23:09:36
14:45,34,モンスターズ・インク,50,B3,50,2026-06-07,2026-06-25 23:09:36
14:45,35,美女と野獣の物語,70,B4,70,2026-06-07,2026-06-25 23:09:36
14:45,36,ベイマックスのハッピーライド,80,B4,80,2026-06-07,2026-06-25 23:09:36
14:45,37,スティッチ・エンカウンター,10,B1,10,2026-06-07,2026-06-25 23:09:36
14:45,38,ハウス前グリーティング,60,B3,60,2026-06-07,2026-06-25 23:09:36
14:45,39,ドナルドグリーティング,40,B3,40,2026-06-07,2026-06-25 23:09:36
14:45,40,デイジーグリーティング,25,B2,25,2026-06-07,2026-06-25 23:09:36
14:45,41,ミニーグリーティング,35,B3,35,2026-06-07,2026-06-25 23:09:36
14:45,42,ミート・ミッキー,35,B3,35,2026-06-07,2026-06-25 23:09:36
15:15,1,オムニバス,10,B1,10,2026-06-07,2026-06-25 23:09:36
15:15,2,ウエスタンリバー鉄道,20,B2,20,2026-06-07,2026-06-25 23:09:36
15:15,3,カリブの海賊,0,B8,-,2026-06-07,2026-06-25 23:09:36
15:15,4,ジャングルクルーズ,30,B2,30,2026-06-07,2026-06-25 23:09:36
15:15,5,ツリーハウス,0,B8,-,2026-06-07,2026-06-25 23:09:36
15:15,6,魅惑のチキルーム,10,B1,10,2026-06-07,2026-06-25 23:09:36
15:15,7,ビッグサンダーマウンテン,0,B8,-,2026-06-07,2026-06-25 23:09:36
15:15,8,シューティングギャラリー,5,B0,5,2026-06-07,2026-06-25 23:09:36
15:15,9,カントリーベアシアター,15,B1,15,2026-06-07,2026-06-25 23:09:36
15:15,10,トムソーヤ島いかだ,5,B0,5,2026-06-07,2026-06-25 23:09:36
15:15,11,蒸気船マークトゥウェイン号,10,B1,10,2026-06-07,2026-06-25 23:09:36
15:15,12,スプラッシュマウンテン,60,B3,60,2026-06-07,2026-06-25 23:09:36
15:15,13,ビーバーブラザーズのカヌー探検,30,B2,30,2026-06-07,2026-06-25 23:09:36
15:15,14,イッツ・ア・スモールワールド,5,B0,5,2026-06-07,2026-06-25 23:09:36
15:15,15,プーさんのハニーハント,60,B3,60,2026-06-07,2026-06-25 23:09:36
15:15,16,ホーンテッドマンション,20,B2,20,2026-06-07,2026-06-25 23:09:36
15:15,17,アリスのティーパーティー,10,B1,10,2026-06-07,2026-06-25 23:09:36
15:15,18,キャッスルカルーセル,5,B0,5,2026-06-07,2026-06-25 23:09:36
15:15,19,シンデレラのフェアリーテイル・ホール,10,B1,10,2026-06-07,2026-06-25 23:09:36
15:15,20,ピノキオの冒険旅行,10,B1,10,2026-06-07,2026-06-25 23:09:36
15:15,21,ピーターパン空の旅,30,B2,30,2026-06-07,2026-06-25 23:09:36
15:15,22,ミッキーのフィルハーマジック,5,B0,5,2026-06-07,2026-06-25 23:09:36
15:15,23,白雪姫と七人のこびと,15,B1,15,2026-06-07,2026-06-25 23:09:36
15:15,24,空飛ぶダンボ,0,B8,-,2026-06-07,2026-06-25 23:09:36
15:15,25,ガジェットのゴーコースター,25,B2,25,2026-06-07,2026-06-25 23:09:36
15:15,26,グーフィーのペイント&プレイハウス,10,B1,10,2026-06-07,2026-06-25 23:09:36
15:15,27,チップとデールのツリーハウス,5,B0,5,2026-06-07,2026-06-25 23:09:36
15:15,28,ドナルドのボート,5,B0,5,2026-06-07,2026-06-25 23:09:36
15:15,29,ミニーの家,5,B0,5,2026-06-07,2026-06-25 23:09:36
15:15,30,カートゥーンスピン,25,B2,25,2026-06-07,2026-06-25 23:09:36
15:15,31,スター・ツアーズ,15,B1,15,2026-06-07,2026-06-25 23:09:36
15:15,32,スペースマウンテン,0,B8,-,2026-06-07,2026-06-25 23:09:36
15:15,33,バズ・ライトイヤーのアストロブラスター,0,B8,-,2026-06-07,2026-06-25 23:09:36
15:15,34,モンスターズ・インク,50,B3,50,2026-06-07,2026-06-25 23:09:36
15:15,35,美女と野獣の物語,70,B4,70,2026-06-07,2026-06-25 23:09:36
15:15,36,ベイマックスのハッピーライド,60,B3,60,2026-06-07,2026-06-25 23:09:36
15:15,37,スティッチ・エンカウンター,10,B1,10,2026-06-07,2026-06-25 23:09:36
15:15,38,ハウス前グリーティング,45,B3,45,2026-06-07,2026-06-25 23:09:36
15:15,39,ドナルドグリーティング,35,B3,35,2026-06-07,2026-06-25 23:09:36
15:15,40,デイジーグリーティング,20,B2,20,2026-06-07,2026-06-25 23:09:36
15:15,41,ミニーグリーティング,30,B2,30,2026-06-07,2026-06-25 23:09:36
15:15,42,ミート・ミッキー,30,B2,30,2026-06-07,2026-06-25 23:09:36
15:45,1,オムニバス,10,B1,10,2026-06-07,2026-06-25 23:09:36
15:45,2,ウエスタンリバー鉄道,15,B1,15,2026-06-07,2026-06-25 23:09:36
15:45,3,カリブの海賊,0,B8,-,2026-06-07,2026-06-25 23:09:36
15:45,4,ジャングルクルーズ,30,B2,30,2026-06-07,2026-06-25 23:09:36
15:45,5,ツリーハウス,0,B8,-,2026-06-07,2026-06-25 23:09:36
15:45,6,魅惑のチキルーム,10,B1,10,2026-06-07,2026-06-25 23:09:36
15:45,7,ビッグサンダーマウンテン,0,B8,-,2026-06-07,2026-06-25 23:09:36
15:45,8,シューティングギャラリー,10,B1,10,2026-06-07,2026-06-25 23:09:36
15:45,9,カントリーベアシアター,15,B1,15,2026-06-07,2026-06-25 23:09:36
15:45,10,トムソーヤ島いかだ,5,B0,5,2026-06-07,2026-06-25 23:09:36
15:45,11,蒸気船マークトゥウェイン号,10,B1,10,2026-06-07,2026-06-25 23:09:36
15:45,12,スプラッシュマウンテン,60,B3,60,2026-06-07,2026-06-25 23:09:36
15:45,13,ビーバーブラザーズのカヌー探検,25,B2,25,2026-06-07,2026-06-25 23:09:36
15:45,14,イッツ・ア・スモールワールド,5,B0,5,2026-06-07,2026-06-25 23:09:36
15:45,15,プーさんのハニーハント,50,B3,50,2026-06-07,2026-06-25 23:09:36
15:45,16,ホーンテッドマンション,13,B1,13,2026-06-07,2026-06-25 23:09:36
15:45,17,アリスのティーパーティー,10,B1,10,2026-06-07,2026-06-25 23:09:36
15:45,18,キャッスルカルーセル,5,B0,5,2026-06-07,2026-06-25 23:09:36
15:45,19,シンデレラのフェアリーテイル・ホール,10,B1,10,2026-06-07,2026-06-25 23:09:36
15:45,20,ピノキオの冒険旅行,5,B0,5,2026-06-07,2026-06-25 23:09:36
15:45,21,ピーターパン空の旅,25,B2,25,2026-06-07,2026-06-25 23:09:36
15:45,22,ミッキーのフィルハーマジック,5,B0,5,2026-06-07,2026-06-25 23:09:36
15:45,23,白雪姫と七人のこびと,15,B1,15,2026-06-07,2026-06-25 23:09:36
15:45,24,空飛ぶダンボ,0,B8,-,2026-06-07,2026-06-25 23:09:36
15:45,25,ガジェットのゴーコースター,25,B2,25,2026-06-07,2026-06-25 23:09:36
15:45,26,グーフィーのペイント&プレイハウス,5,B0,5,2026-06-07,2026-06-25 23:09:36
15:45,27,チップとデールのツリーハウス,5,B0,5,2026-06-07,2026-06-25 23:09:36
15:45,28,ドナルドのボート,5,B0,5,2026-06-07,2026-06-25 23:09:36
15:45,29,ミニーの家,5,B0,5,2026-06-07,2026-06-25 23:09:36
15:45,30,カートゥーンスピン,25,B2,25,2026-06-07,2026-06-25 23:09:36
15:45,31,スター・ツアーズ,10,B1,10,2026-06-07,2026-06-25 23:09:36
15:45,32,スペースマウンテン,0,B8,-,2026-06-07,2026-06-25 23:09:36
15:45,33,バズ・ライトイヤーのアストロブラスター,0,B8,-,2026-06-07,2026-06-25 23:09:36
15:45,34,モンスターズ・インク,50,B3,50,2026-06-07,2026-06-25 23:09:36
15:45,35,美女と野獣の物語,80,B4,80,2026-06-07,2026-06-25 23:09:36
15:45,36,ベイマックスのハッピーライド,80,B4,80,2026-06-07,2026-06-25 23:09:36
15:45,37,スティッチ・エンカウンター,10,B1,10,2026-06-07,2026-06-25 23:09:36
15:45,38,ハウス前グリーティング,0,B8,-,2026-06-07,2026-06-25 23:09:36
15:45,39,ドナルドグリーティング,35,B3,35,2026-06-07,2026-06-25 23:09:36
15:45,40,デイジーグリーティング,15,B1,15,2026-06-07,2026-06-25 23:09:36
15:45,41,ミニーグリーティング,35,B3,35,2026-06-07,2026-06-25 23:09:36
15:45,42,ミート・ミッキー,40,B3,40,2026-06-07,2026-06-25 23:09:36
16:15,1,オムニバス,0,B8,-,2026-06-07,2026-06-25 23:09:36
16:15,2,ウエスタンリバー鉄道,15,B1,15,2026-06-07,2026-06-25 23:09:36
16:15,3,カリブの海賊,0,B8,-,2026-06-07,2026-06-25 23:09:36
16:15,4,ジャングルクルーズ,25,B2,25,2026-06-07,2026-06-25 23:09:36
16:15,5,ツリーハウス,0,B8,-,2026-06-07,2026-06-25 23:09:36
16:15,6,魅惑のチキルーム,10,B1,10,2026-06-07,2026-06-25 23:09:36
16:15,7,ビッグサンダーマウンテン,0,B8,-,2026-06-07,2026-06-25 23:09:36
16:15,8,シューティングギャラリー,5,B0,5,2026-06-07,2026-06-25 23:09:36
16:15,9,カントリーベアシアター,15,B1,15,2026-06-07,2026-06-25 23:09:36
16:15,10,トムソーヤ島いかだ,5,B0,5,2026-06-07,2026-06-25 23:09:36
16:15,11,蒸気船マークトゥウェイン号,10,B1,10,2026-06-07,2026-06-25 23:09:36
16:15,12,スプラッシュマウンテン,50,B3,50,2026-06-07,2026-06-25 23:09:36
16:15,13,ビーバーブラザーズのカヌー探検,20,B2,20,2026-06-07,2026-06-25 23:09:36
16:15,14,イッツ・ア・スモールワールド,5,B0,5,2026-06-07,2026-06-25 23:09:36
16:15,15,プーさんのハニーハント,50,B3,50,2026-06-07,2026-06-25 23:09:36
16:15,16,ホーンテッドマンション,5,B0,5,2026-06-07,2026-06-25 23:09:36
16:15,17,アリスのティーパーティー,5,B0,5,2026-06-07,2026-06-25 23:09:36
16:15,18,キャッスルカルーセル,5,B0,5,2026-06-07,2026-06-25 23:09:36
16:15,19,シンデレラのフェアリーテイル・ホール,10,B1,10,2026-06-07,2026-06-25 23:09:36
16:15,20,ピノキオの冒険旅行,5,B0,5,2026-06-07,2026-06-25 23:09:36
16:15,21,ピーターパン空の旅,30,B2,30,2026-06-07,2026-06-25 23:09:36
16:15,22,ミッキーのフィルハーマジック,5,B0,5,2026-06-07,2026-06-25 23:09:36
16:15,23,白雪姫と七人のこびと,10,B1,10,2026-06-07,2026-06-25 23:09:36
16:15,24,空飛ぶダンボ,0,B8,-,2026-06-07,2026-06-25 23:09:36
16:15,25,ガジェットのゴーコースター,25,B2,25,2026-06-07,2026-06-25 23:09:36
16:15,26,グーフィーのペイント&プレイハウス,5,B0,5,2026-06-07,2026-06-25 23:09:36
16:15,27,チップとデールのツリーハウス,5,B0,5,2026-06-07,2026-06-25 23:09:36
16:15,28,ドナルドのボート,5,B0,5,2026-06-07,2026-06-25 23:09:36
16:15,29,ミニーの家,5,B0,5,2026-06-07,2026-06-25 23:09:36
16:15,30,カートゥーンスピン,25,B2,25,2026-06-07,2026-06-25 23:09:36
16:15,31,スター・ツアーズ,10,B1,10,2026-06-07,2026-06-25 23:09:36
16:15,32,スペースマウンテン,0,B8,-,2026-06-07,2026-06-25 23:09:36
16:15,33,バズ・ライトイヤーのアストロブラスター,0,B8,-,2026-06-07,2026-06-25 23:09:36
16:15,34,モンスターズ・インク,60,B3,60,2026-06-07,2026-06-25 23:09:36
16:15,35,美女と野獣の物語,70,B4,70,2026-06-07,2026-06-25 23:09:36
16:15,36,ベイマックスのハッピーライド,80,B4,80,2026-06-07,2026-06-25 23:09:36
16:15,37,スティッチ・エンカウンター,10,B1,10,2026-06-07,2026-06-25 23:09:36
16:15,38,ハウス前グリーティング,0,B8,-,2026-06-07,2026-06-25 23:09:36
16:15,39,ドナルドグリーティング,40,B3,40,2026-06-07,2026-06-25 23:09:36
16:15,40,デイジーグリーティング,15,B1,15,2026-06-07,2026-06-25 23:09:36
16:15,41,ミニーグリーティング,35,B3,35,2026-06-07,2026-06-25 23:09:36
16:15,42,ミート・ミッキー,35,B3,35,2026-06-07,2026-06-25 23:09:36
16:45,1,オムニバス,0,B8,-,2026-06-07,2026-06-25 23:09:36
16:45,2,ウエスタンリバー鉄道,15,B1,15,2026-06-07,2026-06-25 23:09:36
16:45,3,カリブの海賊,0,B8,-,2026-06-07,2026-06-25 23:09:36
16:45,4,ジャングルクルーズ,20,B2,20,2026-06-07,2026-06-25 23:09:36
16:45,5,ツリーハウス,0,B8,-,2026-06-07,2026-06-25 23:09:36
16:45,6,魅惑のチキルーム,10,B1,10,2026-06-07,2026-06-25 23:09:36
16:45,7,ビッグサンダーマウンテン,0,B8,-,2026-06-07,2026-06-25 23:09:36
16:45,8,シューティングギャラリー,5,B0,5,2026-06-07,2026-06-25 23:09:36
16:45,9,カントリーベアシアター,15,B1,15,2026-06-07,2026-06-25 23:09:36
16:45,10,トムソーヤ島いかだ,5,B0,5,2026-06-07,2026-06-25 23:09:36
16:45,11,蒸気船マークトゥウェイン号,10,B1,10,2026-06-07,2026-06-25 23:09:36
16:45,12,スプラッシュマウンテン,60,B3,60,2026-06-07,2026-06-25 23:09:36
16:45,13,ビーバーブラザーズのカヌー探検,10,B1,10,2026-06-07,2026-06-25 23:09:36
16:45,14,イッツ・ア・スモールワールド,5,B0,5,2026-06-07,2026-06-25 23:09:36
16:45,15,プーさんのハニーハント,50,B3,50,2026-06-07,2026-06-25 23:09:36
16:45,16,ホーンテッドマンション,10,B1,10,2026-06-07,2026-06-25 23:09:36
16:45,17,アリスのティーパーティー,5,B0,5,2026-06-07,2026-06-25 23:09:36
16:45,18,キャッスルカルーセル,10,B1,10,2026-06-07,2026-06-25 23:09:36
16:45,19,シンデレラのフェアリーテイル・ホール,5,B0,5,2026-06-07,2026-06-25 23:09:36
16:45,20,ピノキオの冒険旅行,5,B0,5,2026-06-07,2026-06-25 23:09:36
16:45,21,ピーターパン空の旅,30,B2,30,2026-06-07,2026-06-25 23:09:36
16:45,22,ミッキーのフィルハーマジック,5,B0,5,2026-06-07,2026-06-25 23:09:36
16:45,23,白雪姫と七人のこびと,15,B1,15,2026-06-07,2026-06-25 23:09:36
16:45,24,空飛ぶダンボ,0,B8,-,2026-06-07,2026-06-25 23:09:36
16:45,25,ガジェットのゴーコースター,20,B2,20,2026-06-07,2026-06-25 23:09:36
16:45,26,グーフィーのペイント&プレイハウス,5,B0,5,2026-06-07,2026-06-25 23:09:36
16:45,27,チップとデールのツリーハウス,5,B0,5,2026-06-07,2026-06-25 23:09:36
16:45,28,ドナルドのボート,5,B0,5,2026-06-07,2026-06-25 23:09:36
16:45,29,ミニーの家,5,B0,5,2026-06-07,2026-06-25 23:09:36
16:45,30,カートゥーンスピン,25,B2,25,2026-06-07,2026-06-25 23:09:36
16:45,31,スター・ツアーズ,5,B0,5,2026-06-07,2026-06-25 23:09:36
16:45,32,スペースマウンテン,0,B8,-,2026-06-07,2026-06-25 23:09:36
16:45,33,バズ・ライトイヤーのアストロブラスター,0,B8,-,2026-06-07,2026-06-25 23:09:36
16:45,34,モンスターズ・インク,60,B3,60,2026-06-07,2026-06-25 23:09:36
16:45,35,美女と野獣の物語,60,B3,60,2026-06-07,2026-06-25 23:09:36
16:45,36,ベイマックスのハッピーライド,90,B4,90,2026-06-07,2026-06-25 23:09:36
16:45,37,スティッチ・エンカウンター,10,B1,10,2026-06-07,2026-06-25 23:09:36
16:45,38,ハウス前グリーティング,0,B8,-,2026-06-07,2026-06-25 23:09:36
16:45,39,ドナルドグリーティング,30,B2,30,2026-06-07,2026-06-25 23:09:36
16:45,40,デイジーグリーティング,20,B2,20,2026-06-07,2026-06-25 23:09:36
16:45,41,ミニーグリーティング,35,B3,35,2026-06-07,2026-06-25 23:09:36
16:45,42,ミート・ミッキー,35,B3,35,2026-06-07,2026-06-25 23:09:36
17:15,1,オムニバス,0,B8,-,2026-06-07,2026-06-25 23:09:36
17:15,2,ウエスタンリバー鉄道,20,B2,20,2026-06-07,2026-06-25 23:09:36
17:15,3,カリブの海賊,0,B8,-,2026-06-07,2026-06-25 23:09:36
17:15,4,ジャングルクルーズ,30,B2,30,2026-06-07,2026-06-25 23:09:36
17:15,5,ツリーハウス,0,B8,-,2026-06-07,2026-06-25 23:09:36
17:15,6,魅惑のチキルーム,10,B1,10,2026-06-07,2026-06-25 23:09:36
17:15,7,ビッグサンダーマウンテン,0,B8,-,2026-06-07,2026-06-25 23:09:36
17:15,8,シューティングギャラリー,5,B0,5,2026-06-07,2026-06-25 23:09:36
17:15,9,カントリーベアシアター,15,B1,15,2026-06-07,2026-06-25 23:09:36
17:15,10,トムソーヤ島いかだ,0,B8,-,2026-06-07,2026-06-25 23:09:36
17:15,11,蒸気船マークトゥウェイン号,10,B1,10,2026-06-07,2026-06-25 23:09:36
17:15,12,スプラッシュマウンテン,60,B3,60,2026-06-07,2026-06-25 23:09:36
17:15,13,ビーバーブラザーズのカヌー探検,0,B8,-,2026-06-07,2026-06-25 23:09:36
17:15,14,イッツ・ア・スモールワールド,5,B0,5,2026-06-07,2026-06-25 23:09:36
17:15,15,プーさんのハニーハント,50,B3,50,2026-06-07,2026-06-25 23:09:36
17:15,16,ホーンテッドマンション,10,B1,10,2026-06-07,2026-06-25 23:09:36
17:15,17,アリスのティーパーティー,5,B0,5,2026-06-07,2026-06-25 23:09:36
17:15,18,キャッスルカルーセル,10,B1,10,2026-06-07,2026-06-25 23:09:36
17:15,19,シンデレラのフェアリーテイル・ホール,10,B1,10,2026-06-07,2026-06-25 23:09:36
17:15,20,ピノキオの冒険旅行,5,B0,5,2026-06-07,2026-06-25 23:09:36
17:15,21,ピーターパン空の旅,30,B2,30,2026-06-07,2026-06-25 23:09:36
17:15,22,ミッキーのフィルハーマジック,5,B0,5,2026-06-07,2026-06-25 23:09:36
17:15,23,白雪姫と七人のこびと,15,B1,15,2026-06-07,2026-06-25 23:09:36
17:15,24,空飛ぶダンボ,0,B8,-,2026-06-07,2026-06-25 23:09:36
17:15,25,ガジェットのゴーコースター,25,B2,25,2026-06-07,2026-06-25 23:09:36
17:15,26,グーフィーのペイント&プレイハウス,5,B0,5,2026-06-07,2026-06-25 23:09:36
17:15,27,チップとデールのツリーハウス,5,B0,5,2026-06-07,2026-06-25 23:09:36
17:15,28,ドナルドのボート,5,B0,5,2026-06-07,2026-06-25 23:09:36
17:15,29,ミニーの家,5,B0,5,2026-06-07,2026-06-25 23:09:36
17:15,30,カートゥーンスピン,25,B2,25,2026-06-07,2026-06-25 23:09:36
17:15,31,スター・ツアーズ,5,B0,5,2026-06-07,2026-06-25 23:09:36
17:15,32,スペースマウンテン,0,B8,-,2026-06-07,2026-06-25 23:09:36
17:15,33,バズ・ライトイヤーのアストロブラスター,0,B8,-,2026-06-07,2026-06-25 23:09:36
17:15,34,モンスターズ・インク,60,B3,60,2026-06-07,2026-06-25 23:09:36
17:15,35,美女と野獣の物語,70,B4,70,2026-06-07,2026-06-25 23:09:36
17:15,36,ベイマックスのハッピーライド,50,B3,50,2026-06-07,2026-06-25 23:09:36
17:15,37,スティッチ・エンカウンター,10,B1,10,2026-06-07,2026-06-25 23:09:36
17:15,38,ハウス前グリーティング,0,B8,-,2026-06-07,2026-06-25 23:09:36
17:15,39,ドナルドグリーティング,40,B3,40,2026-06-07,2026-06-25 23:09:36
17:15,40,デイジーグリーティング,15,B1,15,2026-06-07,2026-06-25 23:09:36
17:15,41,ミニーグリーティング,35,B3,35,2026-06-07,2026-06-25 23:09:36
17:15,42,ミート・ミッキー,35,B3,35,2026-06-07,2026-06-25 23:09:36
17:45,1,オムニバス,0,B8,-,2026-06-07,2026-06-25 23:09:36
17:45,2,ウエスタンリバー鉄道,15,B1,15,2026-06-07,2026-06-25 23:09:36
17:45,3,カリブの海賊,0,B8,-,2026-06-07,2026-06-25 23:09:36
17:45,4,ジャングルクルーズ,20,B2,20,2026-06-07,2026-06-25 23:09:36
17:45,5,ツリーハウス,0,B8,-,2026-06-07,2026-06-25 23:09:36
17:45,6,魅惑のチキルーム,10,B1,10,2026-06-07,2026-06-25 23:09:36
17:45,7,ビッグサンダーマウンテン,0,B8,-,2026-06-07,2026-06-25 23:09:36
17:45,8,シューティングギャラリー,5,B0,5,2026-06-07,2026-06-25 23:09:36
17:45,9,カントリーベアシアター,15,B1,15,2026-06-07,2026-06-25 23:09:36
17:45,10,トムソーヤ島いかだ,0,B8,-,2026-06-07,2026-06-25 23:09:36
17:45,11,蒸気船マークトゥウェイン号,10,B1,10,2026-06-07,2026-06-25 23:09:36
17:45,12,スプラッシュマウンテン,50,B3,50,2026-06-07,2026-06-25 23:09:36
17:45,13,ビーバーブラザーズのカヌー探検,0,B8,-,2026-06-07,2026-06-25 23:09:36
17:45,14,イッツ・ア・スモールワールド,10,B1,10,2026-06-07,2026-06-25 23:09:36
17:45,15,プーさんのハニーハント,50,B3,50,2026-06-07,2026-06-25 23:09:36
17:45,16,ホーンテッドマンション,5,B0,5,2026-06-07,2026-06-25 23:09:36
17:45,17,アリスのティーパーティー,10,B1,10,2026-06-07,2026-06-25 23:09:36
17:45,18,キャッスルカルーセル,5,B0,5,2026-06-07,2026-06-25 23:09:36
17:45,19,シンデレラのフェアリーテイル・ホール,5,B0,5,2026-06-07,2026-06-25 23:09:36
17:45,20,ピノキオの冒険旅行,10,B1,10,2026-06-07,2026-06-25 23:09:36
17:45,21,ピーターパン空の旅,25,B2,25,2026-06-07,2026-06-25 23:09:36
17:45,22,ミッキーのフィルハーマジック,5,B0,5,2026-06-07,2026-06-25 23:09:36
17:45,23,白雪姫と七人のこびと,15,B1,15,2026-06-07,2026-06-25 23:09:36
17:45,24,空飛ぶダンボ,0,B8,-,2026-06-07,2026-06-25 23:09:36
17:45,25,ガジェットのゴーコースター,10,B1,10,2026-06-07,2026-06-25 23:09:36
17:45,26,グーフィーのペイント&プレイハウス,5,B0,5,2026-06-07,2026-06-25 23:09:36
17:45,27,チップとデールのツリーハウス,5,B0,5,2026-06-07,2026-06-25 23:09:36
17:45,28,ドナルドのボート,5,B0,5,2026-06-07,2026-06-25 23:09:36
17:45,29,ミニーの家,5,B0,5,2026-06-07,2026-06-25 23:09:36
17:45,30,カートゥーンスピン,20,B2,20,2026-06-07,2026-06-25 23:09:36
17:45,31,スター・ツアーズ,5,B0,5,2026-06-07,2026-06-25 23:09:36
17:45,32,スペースマウンテン,0,B8,-,2026-06-07,2026-06-25 23:09:36
17:45,33,バズ・ライトイヤーのアストロブラスター,0,B8,-,2026-06-07,2026-06-25 23:09:36
17:45,34,モンスターズ・インク,60,B3,60,2026-06-07,2026-06-25 23:09:36
17:45,35,美女と野獣の物語,50,B3,50,2026-06-07,2026-06-25 23:09:36
17:45,36,ベイマックスのハッピーライド,100,B4,100,2026-06-07,2026-06-25 23:09:36
17:45,37,スティッチ・エンカウンター,10,B1,10,2026-06-07,2026-06-25 23:09:36
17:45,38,ハウス前グリーティング,0,B8,-,2026-06-07,2026-06-25 23:09:36
17:45,39,ドナルドグリーティング,45,B3,45,2026-06-07,2026-06-25 23:09:36
17:45,40,デイジーグリーティング,20,B2,20,2026-06-07,2026-06-25 23:09:36
17:45,41,ミニーグリーティング,35,B3,35,2026-06-07,2026-06-25 23:09:36
17:45,42,ミート・ミッキー,40,B3,40,2026-06-07,2026-06-25 23:09:36
18:15,1,オムニバス,0,B8,-,2026-06-07,2026-06-25 23:09:36
18:15,2,ウエスタンリバー鉄道,20,B2,20,2026-06-07,2026-06-25 23:09:36
18:15,3,カリブの海賊,0,B8,-,2026-06-07,2026-06-25 23:09:36
18:15,4,ジャングルクルーズ,20,B2,20,2026-06-07,2026-06-25 23:09:36
18:15,5,ツリーハウス,0,B8,-,2026-06-07,2026-06-25 23:09:36
18:15,6,魅惑のチキルーム,10,B1,10,2026-06-07,2026-06-25 23:09:36
18:15,7,ビッグサンダーマウンテン,0,B8,-,2026-06-07,2026-06-25 23:09:36
18:15,8,シューティングギャラリー,5,B0,5,2026-06-07,2026-06-25 23:09:36
18:15,9,カントリーベアシアター,15,B1,15,2026-06-07,2026-06-25 23:09:36
18:15,10,トムソーヤ島いかだ,0,B8,-,2026-06-07,2026-06-25 23:09:36
18:15,11,蒸気船マークトゥウェイン号,10,B1,10,2026-06-07,2026-06-25 23:09:36
18:15,12,スプラッシュマウンテン,30,B2,30,2026-06-07,2026-06-25 23:09:36
18:15,13,ビーバーブラザーズのカヌー探検,0,B8,-,2026-06-07,2026-06-25 23:09:36
18:15,14,イッツ・ア・スモールワールド,10,B1,10,2026-06-07,2026-06-25 23:09:36
18:15,15,プーさんのハニーハント,50,B3,50,2026-06-07,2026-06-25 23:09:36
18:15,16,ホーンテッドマンション,5,B0,5,2026-06-07,2026-06-25 23:09:36
18:15,17,アリスのティーパーティー,5,B0,5,2026-06-07,2026-06-25 23:09:36
18:15,18,キャッスルカルーセル,5,B0,5,2026-06-07,2026-06-25 23:09:36
18:15,19,シンデレラのフェアリーテイル・ホール,5,B0,5,2026-06-07,2026-06-25 23:09:36
18:15,20,ピノキオの冒険旅行,10,B1,10,2026-06-07,2026-06-25 23:09:36
18:15,21,ピーターパン空の旅,40,B3,40,2026-06-07,2026-06-25 23:09:36
18:15,22,ミッキーのフィルハーマジック,5,B0,5,2026-06-07,2026-06-25 23:09:36
18:15,23,白雪姫と七人のこびと,0,B8,-,2026-06-07,2026-06-25 23:09:36
18:15,24,空飛ぶダンボ,0,B8,-,2026-06-07,2026-06-25 23:09:36
18:15,25,ガジェットのゴーコースター,5,B0,5,2026-06-07,2026-06-25 23:09:36
18:15,26,グーフィーのペイント&プレイハウス,5,B0,5,2026-06-07,2026-06-25 23:09:36
18:15,27,チップとデールのツリーハウス,5,B0,5,2026-06-07,2026-06-25 23:09:36
18:15,28,ドナルドのボート,5,B0,5,2026-06-07,2026-06-25 23:09:36
18:15,29,ミニーの家,5,B0,5,2026-06-07,2026-06-25 23:09:36
18:15,30,カートゥーンスピン,20,B2,20,2026-06-07,2026-06-25 23:09:36
18:15,31,スター・ツアーズ,10,B1,10,2026-06-07,2026-06-25 23:09:36
18:15,32,スペースマウンテン,0,B8,-,2026-06-07,2026-06-25 23:09:36
18:15,33,バズ・ライトイヤーのアストロブラスター,0,B8,-,2026-06-07,2026-06-25 23:09:36
18:15,34,モンスターズ・インク,70,B4,70,2026-06-07,2026-06-25 23:09:36
18:15,35,美女と野獣の物語,40,B3,40,2026-06-07,2026-06-25 23:09:36
18:15,36,ベイマックスのハッピーライド,60,B3,60,2026-06-07,2026-06-25 23:09:36
18:15,37,スティッチ・エンカウンター,10,B1,10,2026-06-07,2026-06-25 23:09:36
18:15,38,ハウス前グリーティング,0,B8,-,2026-06-07,2026-06-25 23:09:36
18:15,39,ドナルドグリーティング,45,B3,45,2026-06-07,2026-06-25 23:09:36
18:15,40,デイジーグリーティング,20,B2,20,2026-06-07,2026-06-25 23:09:36
18:15,41,ミニーグリーティング,35,B3,35,2026-06-07,2026-06-25 23:09:36
18:15,42,ミート・ミッキー,30,B2,30,2026-06-07,2026-06-25 23:09:36
18:45,1,オムニバス,0,B8,-,2026-06-07,2026-06-25 23:09:36
18:45,2,ウエスタンリバー鉄道,20,B2,20,2026-06-07,2026-06-25 23:09:36
18:45,3,カリブの海賊,0,B8,-,2026-06-07,2026-06-25 23:09:36
18:45,4,ジャングルクルーズ,10,B1,10,2026-06-07,2026-06-25 23:09:36
18:45,5,ツリーハウス,0,B8,-,2026-06-07,2026-06-25 23:09:36
18:45,6,魅惑のチキルーム,10,B1,10,2026-06-07,2026-06-25 23:09:36
18:45,7,ビッグサンダーマウンテン,0,B8,-,2026-06-07,2026-06-25 23:09:36
18:45,8,シューティングギャラリー,5,B0,5,2026-06-07,2026-06-25 23:09:36
18:45,9,カントリーベアシアター,15,B1,15,2026-06-07,2026-06-25 23:09:36
18:45,10,トムソーヤ島いかだ,0,B8,-,2026-06-07,2026-06-25 23:09:36
18:45,11,蒸気船マークトゥウェイン号,10,B1,10,2026-06-07,2026-06-25 23:09:36
18:45,12,スプラッシュマウンテン,40,B3,40,2026-06-07,2026-06-25 23:09:36
18:45,13,ビーバーブラザーズのカヌー探検,0,B8,-,2026-06-07,2026-06-25 23:09:36
18:45,14,イッツ・ア・スモールワールド,10,B1,10,2026-06-07,2026-06-25 23:09:36
18:45,15,プーさんのハニーハント,25,B2,25,2026-06-07,2026-06-25 23:09:36
18:45,16,ホーンテッドマンション,5,B0,5,2026-06-07,2026-06-25 23:09:36
18:45,17,アリスのティーパーティー,5,B0,5,2026-06-07,2026-06-25 23:09:36
18:45,18,キャッスルカルーセル,5,B0,5,2026-06-07,2026-06-25 23:09:36
18:45,19,シンデレラのフェアリーテイル・ホール,0,B8,-,2026-06-07,2026-06-25 23:09:36
18:45,20,ピノキオの冒険旅行,10,B1,10,2026-06-07,2026-06-25 23:09:36
18:45,21,ピーターパン空の旅,20,B2,20,2026-06-07,2026-06-25 23:09:36
18:45,22,ミッキーのフィルハーマジック,5,B0,5,2026-06-07,2026-06-25 23:09:36
18:45,23,白雪姫と七人のこびと,0,B8,-,2026-06-07,2026-06-25 23:09:36
18:45,24,空飛ぶダンボ,0,B8,-,2026-06-07,2026-06-25 23:09:36
18:45,25,ガジェットのゴーコースター,5,B0,5,2026-06-07,2026-06-25 23:09:36
18:45,26,グーフィーのペイント&プレイハウス,5,B0,5,2026-06-07,2026-06-25 23:09:36
18:45,27,チップとデールのツリーハウス,5,B0,5,2026-06-07,2026-06-25 23:09:36
18:45,28,ドナルドのボート,5,B0,5,2026-06-07,2026-06-25 23:09:36
18:45,29,ミニーの家,5,B0,5,2026-06-07,2026-06-25 23:09:36
18:45,30,カートゥーンスピン,20,B2,20,2026-06-07,2026-06-25 23:09:36
18:45,31,スター・ツアーズ,5,B0,5,2026-06-07,2026-06-25 23:09:36
18:45,32,スペースマウンテン,0,B8,-,2026-06-07,2026-06-25 23:09:36
18:45,33,バズ・ライトイヤーのアストロブラスター,0,B8,-,2026-06-07,2026-06-25 23:09:36
18:45,34,モンスターズ・インク,70,B4,70,2026-06-07,2026-06-25 23:09:36
18:45,35,美女と野獣の物語,50,B3,50,2026-06-07,2026-06-25 23:09:36
18:45,36,ベイマックスのハッピーライド,50,B3,50,2026-06-07,2026-06-25 23:09:36
18:45,37,スティッチ・エンカウンター,10,B1,10,2026-06-07,2026-06-25 23:09:36
18:45,38,ハウス前グリーティング,0,B8,-,2026-06-07,2026-06-25 23:09:36
18:45,39,ドナルドグリーティング,0,B8,-,2026-06-07,2026-06-25 23:09:36
18:45,40,デイジーグリーティング,0,B8,-,2026-06-07,2026-06-25 23:09:36
18:45,41,ミニーグリーティング,30,B2,30,2026-06-07,2026-06-25 23:09:36
18:45,42,ミート・ミッキー,45,B3,45,2026-06-07,2026-06-25 23:09:36
19:15,1,オムニバス,0,B8,-,2026-06-07,2026-06-25 23:09:36
19:15,2,ウエスタンリバー鉄道,20,B2,20,2026-06-07,2026-06-25 23:09:36
19:15,3,カリブの海賊,0,B8,-,2026-06-07,2026-06-25 23:09:36
19:15,4,ジャングルクルーズ,10,B1,10,2026-06-07,2026-06-25 23:09:36
19:15,5,ツリーハウス,0,B8,-,2026-06-07,2026-06-25 23:09:36
19:15,6,魅惑のチキルーム,10,B1,10,2026-06-07,2026-06-25 23:09:36
19:15,7,ビッグサンダーマウンテン,0,B8,-,2026-06-07,2026-06-25 23:09:36
19:15,8,シューティングギャラリー,5,B0,5,2026-06-07,2026-06-25 23:09:36
19:15,9,カントリーベアシアター,15,B1,15,2026-06-07,2026-06-25 23:09:36
19:15,10,トムソーヤ島いかだ,0,B8,-,2026-06-07,2026-06-25 23:09:36
19:15,11,蒸気船マークトゥウェイン号,10,B1,10,2026-06-07,2026-06-25 23:09:36
19:15,12,スプラッシュマウンテン,20,B2,20,2026-06-07,2026-06-25 23:09:36
19:15,13,ビーバーブラザーズのカヌー探検,0,B8,-,2026-06-07,2026-06-25 23:09:36
19:15,14,イッツ・ア・スモールワールド,10,B1,10,2026-06-07,2026-06-25 23:09:36
19:15,15,プーさんのハニーハント,25,B2,25,2026-06-07,2026-06-25 23:09:36
19:15,16,ホーンテッドマンション,5,B0,5,2026-06-07,2026-06-25 23:09:36
19:15,17,アリスのティーパーティー,5,B0,5,2026-06-07,2026-06-25 23:09:36
19:15,18,キャッスルカルーセル,5,B0,5,2026-06-07,2026-06-25 23:09:36
19:15,19,シンデレラのフェアリーテイル・ホール,0,B8,-,2026-06-07,2026-06-25 23:09:36
19:15,20,ピノキオの冒険旅行,10,B1,10,2026-06-07,2026-06-25 23:09:36
19:15,21,ピーターパン空の旅,30,B2,30,2026-06-07,2026-06-25 23:09:36
19:15,22,ミッキーのフィルハーマジック,5,B0,5,2026-06-07,2026-06-25 23:09:36
19:15,23,白雪姫と七人のこびと,0,B8,-,2026-06-07,2026-06-25 23:09:36
19:15,24,空飛ぶダンボ,0,B8,-,2026-06-07,2026-06-25 23:09:36
19:15,25,ガジェットのゴーコースター,5,B0,5,2026-06-07,2026-06-25 23:09:36
19:15,26,グーフィーのペイント&プレイハウス,5,B0,5,2026-06-07,2026-06-25 23:09:36
19:15,27,チップとデールのツリーハウス,5,B0,5,2026-06-07,2026-06-25 23:09:36
19:15,28,ドナルドのボート,5,B0,5,2026-06-07,2026-06-25 23:09:36
19:15,29,ミニーの家,5,B0,5,2026-06-07,2026-06-25 23:09:36
19:15,30,カートゥーンスピン,5,B0,5,2026-06-07,2026-06-25 23:09:36
19:15,31,スター・ツアーズ,5,B0,5,2026-06-07,2026-06-25 23:09:36
19:15,32,スペースマウンテン,0,B8,-,2026-06-07,2026-06-25 23:09:36
19:15,33,バズ・ライトイヤーのアストロブラスター,0,B8,-,2026-06-07,2026-06-25 23:09:36
19:15,34,モンスターズ・インク,50,B3,50,2026-06-07,2026-06-25 23:09:36
19:15,35,美女と野獣の物語,50,B3,50,2026-06-07,2026-06-25 23:09:36
19:15,36,ベイマックスのハッピーライド,50,B3,50,2026-06-07,2026-06-25 23:09:36
19:15,37,スティッチ・エンカウンター,0,B8,-,2026-06-07,2026-06-25 23:09:36
19:15,38,ハウス前グリーティング,0,B8,-,2026-06-07,2026-06-25 23:09:36
19:15,39,ドナルドグリーティング,0,B8,-,2026-06-07,2026-06-25 23:09:36
19:15,40,デイジーグリーティング,0,B8,-,2026-06-07,2026-06-25 23:09:36
19:15,41,ミニーグリーティング,30,B2,30,2026-06-07,2026-06-25 23:09:36
19:15,42,ミート・ミッキー,35,B3,35,2026-06-07,2026-06-25 23:09:36
19:45,1,オムニバス,0,B8,-,2026-06-07,2026-06-25 23:09:36
19:45,2,ウエスタンリバー鉄道,0,B8,-,2026-06-07,2026-06-25 23:09:36
19:45,3,カリブの海賊,0,B8,-,2026-06-07,2026-06-25 23:09:36
19:45,4,ジャングルクルーズ,10,B1,10,2026-06-07,2026-06-25 23:09:36
19:45,5,ツリーハウス,0,B8,-,2026-06-07,2026-06-25 23:09:36
19:45,6,魅惑のチキルーム,10,B1,10,2026-06-07,2026-06-25 23:09:36
19:45,7,ビッグサンダーマウンテン,0,B8,-,2026-06-07,2026-06-25 23:09:36
19:45,8,シューティングギャラリー,5,B0,5,2026-06-07,2026-06-25 23:09:36
19:45,9,カントリーベアシアター,15,B1,15,2026-06-07,2026-06-25 23:09:36
19:45,10,トムソーヤ島いかだ,0,B8,-,2026-06-07,2026-06-25 23:09:36
19:45,11,蒸気船マークトゥウェイン号,0,B8,-,2026-06-07,2026-06-25 23:09:36
19:45,12,スプラッシュマウンテン,0,B8,-,2026-06-07,2026-06-25 23:09:36
19:45,13,ビーバーブラザーズのカヌー探検,0,B8,-,2026-06-07,2026-06-25 23:09:36
19:45,14,イッツ・ア・スモールワールド,10,B1,10,2026-06-07,2026-06-25 23:09:36
19:45,15,プーさんのハニーハント,25,B2,25,2026-06-07,2026-06-25 23:09:36
19:45,16,ホーンテッドマンション,5,B0,5,2026-06-07,2026-06-25 23:09:36
19:45,17,アリスのティーパーティー,5,B0,5,2026-06-07,2026-06-25 23:09:36
19:45,18,キャッスルカルーセル,5,B0,5,2026-06-07,2026-06-25 23:09:36
19:45,19,シンデレラのフェアリーテイル・ホール,0,B8,-,2026-06-07,2026-06-25 23:09:36
19:45,20,ピノキオの冒険旅行,10,B1,10,2026-06-07,2026-06-25 23:09:36
19:45,21,ピーターパン空の旅,25,B2,25,2026-06-07,2026-06-25 23:09:36
19:45,22,ミッキーのフィルハーマジック,5,B0,5,2026-06-07,2026-06-25 23:09:36
19:45,23,白雪姫と七人のこびと,10,B1,10,2026-06-07,2026-06-25 23:09:36
19:45,24,空飛ぶダンボ,0,B8,-,2026-06-07,2026-06-25 23:09:36
19:45,25,ガジェットのゴーコースター,5,B0,5,2026-06-07,2026-06-25 23:09:36
19:45,26,グーフィーのペイント&プレイハウス,5,B0,5,2026-06-07,2026-06-25 23:09:36
19:45,27,チップとデールのツリーハウス,5,B0,5,2026-06-07,2026-06-25 23:09:36
19:45,28,ドナルドのボート,5,B0,5,2026-06-07,2026-06-25 23:09:36
19:45,29,ミニーの家,5,B0,5,2026-06-07,2026-06-25 23:09:36
19:45,30,カートゥーンスピン,5,B0,5,2026-06-07,2026-06-25 23:09:36
19:45,31,スター・ツアーズ,5,B0,5,2026-06-07,2026-06-25 23:09:36
19:45,32,スペースマウンテン,0,B8,-,2026-06-07,2026-06-25 23:09:36
19:45,33,バズ・ライトイヤーのアストロブラスター,0,B8,-,2026-06-07,2026-06-25 23:09:36
19:45,34,モンスターズ・インク,40,B3,40,2026-06-07,2026-06-25 23:09:36
19:45,35,美女と野獣の物語,40,B3,40,2026-06-07,2026-06-25 23:09:36
19:45,36,ベイマックスのハッピーライド,50,B3,50,2026-06-07,2026-06-25 23:09:36
19:45,37,スティッチ・エンカウンター,0,B8,-,2026-06-07,2026-06-25 23:09:36
19:45,38,ハウス前グリーティング,0,B8,-,2026-06-07,2026-06-25 23:09:36
19:45,39,ドナルドグリーティング,0,B8,-,2026-06-07,2026-06-25 23:09:36
19:45,40,デイジーグリーティング,0,B8,-,2026-06-07,2026-06-25 23:09:36
19:45,41,ミニーグリーティング,30,B2,30,2026-06-07,2026-06-25 23:09:36
19:45,42,ミート・ミッキー,30,B2,30,2026-06-07,2026-06-25 23:09:36
20:15,1,オムニバス,0,B8,-,2026-06-07,2026-06-25 23:09:36
20:15,2,ウエスタンリバー鉄道,0,B8,-,2026-06-07,2026-06-25 23:09:36
20:15,3,カリブの海賊,0,B8,-,2026-06-07,2026-06-25 23:09:36
20:15,4,ジャングルクルーズ,10,B1,10,2026-06-07,2026-06-25 23:09:36
20:15,5,ツリーハウス,0,B8,-,2026-06-07,2026-06-25 23:09:36
20:15,6,魅惑のチキルーム,0,B8,-,2026-06-07,2026-06-25 23:09:36
20:15,7,ビッグサンダーマウンテン,0,B8,-,2026-06-07,2026-06-25 23:09:36
20:15,8,シューティングギャラリー,5,B0,5,2026-06-07,2026-06-25 23:09:36
20:15,9,カントリーベアシアター,0,B8,-,2026-06-07,2026-06-25 23:09:36
20:15,10,トムソーヤ島いかだ,0,B8,-,2026-06-07,2026-06-25 23:09:36
20:15,11,蒸気船マークトゥウェイン号,0,B8,-,2026-06-07,2026-06-25 23:09:36
20:15,12,スプラッシュマウンテン,35,B3,35,2026-06-07,2026-06-25 23:09:36
20:15,13,ビーバーブラザーズのカヌー探検,0,B8,-,2026-06-07,2026-06-25 23:09:36
20:15,14,イッツ・ア・スモールワールド,10,B1,10,2026-06-07,2026-06-25 23:09:36
20:15,15,プーさんのハニーハント,20,B2,20,2026-06-07,2026-06-25 23:09:36
20:15,16,ホーンテッドマンション,5,B0,5,2026-06-07,2026-06-25 23:09:36
20:15,17,アリスのティーパーティー,5,B0,5,2026-06-07,2026-06-25 23:09:36
20:15,18,キャッスルカルーセル,5,B0,5,2026-06-07,2026-06-25 23:09:36
20:15,19,シンデレラのフェアリーテイル・ホール,0,B8,-,2026-06-07,2026-06-25 23:09:36
20:15,20,ピノキオの冒険旅行,10,B1,10,2026-06-07,2026-06-25 23:09:36
20:15,21,ピーターパン空の旅,20,B2,20,2026-06-07,2026-06-25 23:09:36
20:15,22,ミッキーのフィルハーマジック,5,B0,5,2026-06-07,2026-06-25 23:09:36
20:15,23,白雪姫と七人のこびと,10,B1,10,2026-06-07,2026-06-25 23:09:36
20:15,24,空飛ぶダンボ,0,B8,-,2026-06-07,2026-06-25 23:09:36
20:15,25,ガジェットのゴーコースター,5,B0,5,2026-06-07,2026-06-25 23:09:36
20:15,26,グーフィーのペイント&プレイハウス,0,B8,-,2026-06-07,2026-06-25 23:09:36
20:15,27,チップとデールのツリーハウス,5,B0,5,2026-06-07,2026-06-25 23:09:36
20:15,28,ドナルドのボート,5,B0,5,2026-06-07,2026-06-25 23:09:36
20:15,29,ミニーの家,5,B0,5,2026-06-07,2026-06-25 23:09:36
20:15,30,カートゥーンスピン,5,B0,5,2026-06-07,2026-06-25 23:09:36
20:15,31,スター・ツアーズ,5,B0,5,2026-06-07,2026-06-25 23:09:36
20:15,32,スペースマウンテン,0,B8,-,2026-06-07,2026-06-25 23:09:36
20:15,33,バズ・ライトイヤーのアストロブラスター,0,B8,-,2026-06-07,2026-06-25 23:09:36
20:15,34,モンスターズ・インク,40,B3,40,2026-06-07,2026-06-25 23:09:36
20:15,35,美女と野獣の物語,25,B2,25,2026-06-07,2026-06-25 23:09:36
20:15,36,ベイマックスのハッピーライド,40,B3,40,2026-06-07,2026-06-25 23:09:36
20:15,37,スティッチ・エンカウンター,0,B8,-,2026-06-07,2026-06-25 23:09:36
20:15,38,ハウス前グリーティング,0,B8,-,2026-06-07,2026-06-25 23:09:36
20:15,39,ドナルドグリーティング,0,B8,-,2026-06-07,2026-06-25 23:09:36
20:15,40,デイジーグリーティング,0,B8,-,2026-06-07,2026-06-25 23:09:36
20:15,41,ミニーグリーティング,25,B2,25,2026-06-07,2026-06-25 23:09:36
20:15,42,ミート・ミッキー,30,B2,30,2026-06-07,2026-06-25 23:09:36
20:45,1,オムニバス,0,B8,-,2026-06-07,2026-06-25 23:09:36
20:45,2,ウエスタンリバー鉄道,0,B8,-,2026-06-07,2026-06-25 23:09:36
20:45,3,カリブの海賊,0,B8,-,2026-06-07,2026-06-25 23:09:36
20:45,4,ジャングルクルーズ,10,B1,10,2026-06-07,2026-06-25 23:09:36
20:45,5,ツリーハウス,0,B8,-,2026-06-07,2026-06-25 23:09:36
20:45,6,魅惑のチキルーム,0,B8,-,2026-06-07,2026-06-25 23:09:36
20:45,7,ビッグサンダーマウンテン,0,B8,-,2026-06-07,2026-06-25 23:09:36
20:45,8,シューティングギャラリー,5,B0,5,2026-06-07,2026-06-25 23:09:36
20:45,9,カントリーベアシアター,0,B8,-,2026-06-07,2026-06-25 23:09:36
20:45,10,トムソーヤ島いかだ,0,B8,-,2026-06-07,2026-06-25 23:09:36
20:45,11,蒸気船マークトゥウェイン号,0,B8,-,2026-06-07,2026-06-25 23:09:36
20:45,12,スプラッシュマウンテン,20,B2,20,2026-06-07,2026-06-25 23:09:36
20:45,13,ビーバーブラザーズのカヌー探検,0,B8,-,2026-06-07,2026-06-25 23:09:36
20:45,14,イッツ・ア・スモールワールド,5,B0,5,2026-06-07,2026-06-25 23:09:36
20:45,15,プーさんのハニーハント,8,B0,8,2026-06-07,2026-06-25 23:09:36
20:45,16,ホーンテッドマンション,5,B0,5,2026-06-07,2026-06-25 23:09:36
20:45,17,アリスのティーパーティー,5,B0,5,2026-06-07,2026-06-25 23:09:36
20:45,18,キャッスルカルーセル,5,B0,5,2026-06-07,2026-06-25 23:09:36
20:45,19,シンデレラのフェアリーテイル・ホール,0,B8,-,2026-06-07,2026-06-25 23:09:36
20:45,20,ピノキオの冒険旅行,5,B0,5,2026-06-07,2026-06-25 23:09:36
20:45,21,ピーターパン空の旅,5,B0,5,2026-06-07,2026-06-25 23:09:36
20:45,22,ミッキーのフィルハーマジック,5,B0,5,2026-06-07,2026-06-25 23:09:36
20:45,23,白雪姫と七人のこびと,5,B0,5,2026-06-07,2026-06-25 23:09:36
20:45,24,空飛ぶダンボ,0,B8,-,2026-06-07,2026-06-25 23:09:36
20:45,25,ガジェットのゴーコースター,5,B0,5,2026-06-07,2026-06-25 23:09:36
20:45,26,グーフィーのペイント&プレイハウス,0,B8,-,2026-06-07,2026-06-25 23:09:36
20:45,27,チップとデールのツリーハウス,5,B0,5,2026-06-07,2026-06-25 23:09:36
20:45,28,ドナルドのボート,5,B0,5,2026-06-07,2026-06-25 23:09:36
20:45,29,ミニーの家,5,B0,5,2026-06-07,2026-06-25 23:09:36
20:45,30,カートゥーンスピン,5,B0,5,2026-06-07,2026-06-25 23:09:36
20:45,31,スター・ツアーズ,5,B0,5,2026-06-07,2026-06-25 23:09:36
20:45,32,スペースマウンテン,0,B8,-,2026-06-07,2026-06-25 23:09:36
20:45,33,バズ・ライトイヤーのアストロブラスター,0,B8,-,2026-06-07,2026-06-25 23:09:36
20:45,34,モンスターズ・インク,30,B2,30,2026-06-07,2026-06-25 23:09:36
20:45,35,美女と野獣の物語,10,B1,10,2026-06-07,2026-06-25 23:09:36
20:45,36,ベイマックスのハッピーライド,30,B2,30,2026-06-07,2026-06-25 23:09:36
20:45,37,スティッチ・エンカウンター,0,B8,-,2026-06-07,2026-06-25 23:09:36
20:45,38,ハウス前グリーティング,0,B8,-,2026-06-07,2026-06-25 23:09:36
20:45,39,ドナルドグリーティング,0,B8,-,2026-06-07,2026-06-25 23:09:36
20:45,40,デイジーグリーティング,0,B8,-,2026-06-07,2026-06-25 23:09:36
20:45,41,ミニーグリーティング,10,B1,10,2026-06-07,2026-06-25 23:09:36
20:45,42,ミート・ミッキー,10,B1,10,2026-06-07,2026-06-25 23:09:36
21:15,1,オムニバス,0,B8,-,2026-06-07,2026-06-25 23:09:36
21:15,2,ウエスタンリバー鉄道,0,B8,-,2026-06-07,2026-06-25 23:09:36
21:15,3,カリブの海賊,0,B8,-,2026-06-07,2026-06-25 23:09:36
21:15,4,ジャングルクルーズ,0,B8,-,2026-06-07,2026-06-25 23:09:36
21:15,5,ツリーハウス,0,B8,-,2026-06-07,2026-06-25 23:09:36
21:15,6,魅惑のチキルーム,0,B8,-,2026-06-07,2026-06-25 23:09:36
21:15,7,ビッグサンダーマウンテン,0,B8,-,2026-06-07,2026-06-25 23:09:36
21:15,8,シューティングギャラリー,0,B8,-,2026-06-07,2026-06-25 23:09:36
21:15,9,カントリーベアシアター,0,B8,-,2026-06-07,2026-06-25 23:09:36
21:15,10,トムソーヤ島いかだ,0,B8,-,2026-06-07,2026-06-25 23:09:36
21:15,11,蒸気船マークトゥウェイン号,0,B8,-,2026-06-07,2026-06-25 23:09:36
21:15,12,スプラッシュマウンテン,0,B8,-,2026-06-07,2026-06-25 23:09:36
21:15,13,ビーバーブラザーズのカヌー探検,0,B8,-,2026-06-07,2026-06-25 23:09:36
21:15,14,イッツ・ア・スモールワールド,0,B8,-,2026-06-07,2026-06-25 23:09:36
21:15,15,プーさんのハニーハント,0,B8,-,2026-06-07,2026-06-25 23:09:36
21:15,16,ホーンテッドマンション,0,B8,-,2026-06-07,2026-06-25 23:09:36
21:15,17,アリスのティーパーティー,0,B8,-,2026-06-07,2026-06-25 23:09:36
21:15,18,キャッスルカルーセル,0,B8,-,2026-06-07,2026-06-25 23:09:36
21:15,19,シンデレラのフェアリーテイル・ホール,0,B8,-,2026-06-07,2026-06-25 23:09:36
21:15,20,ピノキオの冒険旅行,0,B8,-,2026-06-07,2026-06-25 23:09:36
21:15,21,ピーターパン空の旅,0,B8,-,2026-06-07,2026-06-25 23:09:36
21:15,22,ミッキーのフィルハーマジック,0,B8,-,2026-06-07,2026-06-25 23:09:36
21:15,23,白雪姫と七人のこびと,0,B8,-,2026-06-07,2026-06-25 23:09:36
21:15,24,空飛ぶダンボ,0,B8,-,2026-06-07,2026-06-25 23:09:36
21:15,25,ガジェットのゴーコースター,0,B8,-,2026-06-07,2026-06-25 23:09:36
21:15,26,グーフィーのペイント&プレイハウス,0,B8,-,2026-06-07,2026-06-25 23:09:36
21:15,27,チップとデールのツリーハウス,0,B8,-,2026-06-07,2026-06-25 23:09:36
21:15,28,ドナルドのボート,0,B8,-,2026-06-07,2026-06-25 23:09:36
21:15,29,ミニーの家,0,B8,-,2026-06-07,2026-06-25 23:09:36
21:15,30,カートゥーンスピン,0,B8,-,2026-06-07,2026-06-25 23:09:36
21:15,31,スター・ツアーズ,0,B8,-,2026-06-07,2026-06-25 23:09:36
21:15,32,スペースマウンテン,0,B8,-,2026-06-07,2026-06-25 23:09:36
21:15,33,バズ・ライトイヤーのアストロブラスター,0,B8,-,2026-06-07,2026-06-25 23:09:36
21:15,34,モンスターズ・インク,0,B8,-,2026-06-07,2026-06-25 23:09:36
21:15,35,美女と野獣の物語,0,B8,-,2026-06-07,2026-06-25 23:09:36
21:15,36,ベイマックスのハッピーライド,0,B8,-,2026-06-07,2026-06-25 23:09:36
21:15,37,スティッチ・エンカウンター,0,B8,-,2026-06-07,2026-06-25 23:09:36
21:15,38,ハウス前グリーティング,0,B8,-,2026-06-07,2026-06-25 23:09:36
21:15,39,ドナルドグリーティング,0,B8,-,2026-06-07,2026-06-25 23:09:36
21:15,40,デイジーグリーティング,0,B8,-,2026-06-07,2026-06-25 23:09:36
21:15,41,ミニーグリーティング,0,B8,-,2026-06-07,2026-06-25 23:09:36
21:15,42,ミート・ミッキー,0,B8,-,2026-06-07,2026-06-25 23:09:36
21:45,1,オムニバス,0,B8,-,2026-06-07,2026-06-25 23:09:36
21:45,2,ウエスタンリバー鉄道,0,B8,-,2026-06-07,2026-06-25 23:09:36
21:45,3,カリブの海賊,0,B8,-,2026-06-07,2026-06-25 23:09:36
21:45,4,ジャングルクルーズ,0,B8,-,2026-06-07,2026-06-25 23:09:36
21:45,5,ツリーハウス,0,B8,-,2026-06-07,2026-06-25 23:09:36
21:45,6,魅惑のチキルーム,0,B8,-,2026-06-07,2026-06-25 23:09:36
21:45,7,ビッグサンダーマウンテン,0,B8,-,2026-06-07,2026-06-25 23:09:36
21:45,8,シューティングギャラリー,0,B8,-,2026-06-07,2026-06-25 23:09:36
21:45,9,カントリーベアシアター,0,B8,-,2026-06-07,2026-06-25 23:09:36
21:45,10,トムソーヤ島いかだ,0,B8,-,2026-06-07,2026-06-25 23:09:36
21:45,11,蒸気船マークトゥウェイン号,0,B8,-,2026-06-07,2026-06-25 23:09:36
21:45,12,スプラッシュマウンテン,0,B8,-,2026-06-07,2026-06-25 23:09:36
21:45,13,ビーバーブラザーズのカヌー探検,0,B8,-,2026-06-07,2026-06-25 23:09:36
21:45,14,イッツ・ア・スモールワールド,0,B8,-,2026-06-07,2026-06-25 23:09:36
21:45,15,プーさんのハニーハント,0,B8,-,2026-06-07,2026-06-25 23:09:36
21:45,16,ホーンテッドマンション,0,B8,-,2026-06-07,2026-06-25 23:09:36
21:45,17,アリスのティーパーティー,0,B8,-,2026-06-07,2026-06-25 23:09:36
21:45,18,キャッスルカルーセル,0,B8,-,2026-06-07,2026-06-25 23:09:36
21:45,19,シンデレラのフェアリーテイル・ホール,0,B8,-,2026-06-07,2026-06-25 23:09:36
21:45,20,ピノキオの冒険旅行,0,B8,-,2026-06-07,2026-06-25 23:09:36
21:45,21,ピーターパン空の旅,0,B8,-,2026-06-07,2026-06-25 23:09:36
21:45,22,ミッキーのフィルハーマジック,0,B8,-,2026-06-07,2026-06-25 23:09:36
21:45,23,白雪姫と七人のこびと,0,B8,-,2026-06-07,2026-06-25 23:09:36
21:45,24,空飛ぶダンボ,0,B8,-,2026-06-07,2026-06-25 23:09:36
21:45,25,ガジェットのゴーコースター,0,B8,-,2026-06-07,2026-06-25 23:09:36
21:45,26,グーフィーのペイント&プレイハウス,0,B8,-,2026-06-07,2026-06-25 23:09:36
21:45,27,チップとデールのツリーハウス,0,B8,-,2026-06-07,2026-06-25 23:09:36
21:45,28,ドナルドのボート,0,B8,-,2026-06-07,2026-06-25 23:09:36
21:45,29,ミニーの家,0,B8,-,2026-06-07,2026-06-25 23:09:36
21:45,30,カートゥーンスピン,0,B8,-,2026-06-07,2026-06-25 23:09:36
21:45,31,スター・ツアーズ,0,B8,-,2026-06-07,2026-06-25 23:09:36
21:45,32,スペースマウンテン,0,B8,-,2026-06-07,2026-06-25 23:09:36
21:45,33,バズ・ライトイヤーのアストロブラスター,0,B8,-,2026-06-07,2026-06-25 23:09:36
21:45,34,モンスターズ・インク,0,B8,-,2026-06-07,2026-06-25 23:09:36
21:45,35,美女と野獣の物語,0,B8,-,2026-06-07,2026-06-25 23:09:36
21:45,36,ベイマックスのハッピーライド,0,B8,-,2026-06-07,2026-06-25 23:09:36
21:45,37,スティッチ・エンカウンター,0,B8,-,2026-06-07,2026-06-25 23:09:36
21:45,38,ハウス前グリーティング,0,B8,-,2026-06-07,2026-06-25 23:09:36
21:45,39,ドナルドグリーティング,0,B8,-,2026-06-07,2026-06-25 23:09:36
21:45,40,デイジーグリーティング,0,B8,-,2026-06-07,2026-06-25 23:09:36
21:45,41,ミニーグリーティング,0,B8,-,2026-06-07,2026-06-25 23:09:36
21:45,42,ミート・ミッキー,0,B8,-,2026-06-07,2026-06-25 23:09:36
